"prefecture","city","name","postal_code","address","phone","area","source_url","confirmed_on"
"東京都","町田市","堺第1高齢者支援センター","1940211","東京都町田市相原町2373-1","042-770-2558","相原町","https://www.city.machida.tokyo.jp/iryo/old/shiminnokatae/mijikanasodan/koureisha_shien_center.html","2026-08-23"
"東京都","町田市","堺第2高齢者支援センター","1940215","東京都町田市小山ヶ丘1-2-9","042-797-0200","小山町・小山ヶ丘・上小山田町","https://www.city.machida.tokyo.jp/iryo/old/shiminnokatae/mijikanasodan/koureisha_shien_center.html","2026-08-23"
"東京都","町田市","忠生第1高齢者支援センター","1940202","東京都町田市下小山田町3580","042-797-8032","図師町・下小山田町・忠生・矢部町ほか","https://www.city.machida.tokyo.jp/iryo/old/shiminnokatae/mijikanasodan/koureisha_shien_center.html","2026-08-23"
"東京都","町田市","忠生第2高齢者支援センター","1950074","東京都町田市山崎町2200 山崎団地3-18棟101号","042-792-1105","山崎町・木曽町ほか","https://www.city.machida.tokyo.jp/iryo/old/shiminnokatae/mijikanasodan/koureisha_shien_center.html","2026-08-23"
"東京都","町田市","鶴川第1高齢者支援センター","1950073","東京都町田市薬師台3-270-1","042-736-6927","小野路町・野津田町・金井ほか","https://www.city.machida.tokyo.jp/iryo/old/shiminnokatae/mijikanasodan/koureisha_shien_center.html","2026-08-23"
"東京都","町田市","鶴川第2高齢者支援センター","1950053","東京都町田市能ヶ谷3-2-1","042-737-7292","能ヶ谷・三輪町・鶴川ほか","https://www.city.machida.tokyo.jp/iryo/old/shiminnokatae/mijikanasodan/koureisha_shien_center.html","2026-08-23"
"東京都","町田市","町田第1高齢者支援センター","1940022","東京都町田市森野4-8-39","042-728-9215","原町田・中町・森野・旭町","https://www.city.machida.tokyo.jp/iryo/old/shiminnokatae/mijikanasodan/koureisha_shien_center.html","2026-08-23"
"東京都","町田市","町田第2高齢者支援センター","1940032","東京都町田市本町田2102-1","042-729-0747","本町田・藤の台・南大谷の一部","https://www.city.machida.tokyo.jp/iryo/old/shiminnokatae/mijikanasodan/koureisha_shien_center.html","2026-08-23"
"東京都","町田市","町田第3高齢者支援センター","1940041","東京都町田市玉川学園3-35-1","042-710-3378","玉川学園・南大谷・東玉川学園","https://www.city.machida.tokyo.jp/iryo/old/shiminnokatae/mijikanasodan/koureisha_shien_center.html","2026-08-23"
"東京都","町田市","南第1高齢者支援センター","1940005","東京都町田市南町田5-16-1","042-796-2789","南町田・鶴間・小川・つくし野ほか","https://www.city.machida.tokyo.jp/iryo/old/shiminnokatae/mijikanasodan/koureisha_shien_center.html","2026-08-23"
"東京都","町田市","南第2高齢者支援センター","1940015","東京都町田市金森東3-18-16","042-796-3899","金森・金森東・南成瀬・成瀬が丘ほか","https://www.city.machida.tokyo.jp/iryo/old/shiminnokatae/mijikanasodan/koureisha_shien_center.html","2026-08-23"
"東京都","町田市","南第3高齢者支援センター","1940046","東京都町田市西成瀬2-48-23","042-720-3801","成瀬・西成瀬・高ヶ坂・成瀬台","https://www.city.machida.tokyo.jp/iryo/old/shiminnokatae/mijikanasodan/koureisha_shien_center.html","2026-08-23"
"神奈川県","川崎市宮前区","富士見プラザ地域包括支援センター","2160001","神奈川県川崎市宮前区南野川1-8-11 特別養護老人ホーム富士見プラザ内","044-740-2883","有馬・東有馬","https://www.city.kawasaki.jp/350/page/0000022216.html","2026-08-23"
"神奈川県","川崎市宮前区","フレンド神木地域包括支援センター","2160031","神奈川県川崎市宮前区神木本町5-12-15 特別養護老人ホームフレンド神木内","044-871-1180","五所塚・平・神木本町・白幡台","https://www.city.kawasaki.jp/350/page/0000022196.html","2026-08-23"
"神奈川県","川崎市宮前区","みかど荘地域包括支援センター","2160001","神奈川県川崎市宮前区西野川3-39-11","044-777-5716","梶ヶ谷・野川","https://www.city.kawasaki.jp/350/page/0000022205.html","2026-08-23"
"神奈川県","川崎市宮前区","レストア川崎地域包括支援センター","2160011","神奈川県川崎市宮前区犬蔵2-25-9","044-976-9590","鷺沼・土橋・犬蔵","https://www.city.kawasaki.jp/350/page/0000022212.html","2026-08-23"
"神奈川県","川崎市宮前区","鷲ヶ峯地域包括支援センター","2160014","神奈川県川崎市宮前区菅生ヶ丘13-1 特別養護老人ホーム鷲ヶ峯内","044-978-2724","水沢・潮見台・菅生ケ丘・菅生・初山","https://www.city.kawasaki.jp/350/page/0000022214.html","2026-08-23"
"神奈川県","川崎市宮前区","宮前平地域包括支援センター","2160035","神奈川県川崎市宮前区馬絹6-20-4","044-872-7144","小台・宮前平・宮崎6丁目・馬絹","https://www.city.kawasaki.jp/350/page/0000022200.html","2026-08-23"
"神奈川県","川崎市宮前区","地域包括支援センタービオラ宮崎","2160033","神奈川県川崎市宮前区宮崎2-8-32-102","044-948-5371","けやき平・南平台・神木・宮崎1〜5丁目","https://www.city.kawasaki.jp/350/page/0000022202.html","2026-08-23"
"神奈川県","横浜市鶴見区","横浜市潮田地域ケアプラザ","2300048","神奈川県横浜市鶴見区本町通4-171-23","045-507-2132","潮田町・仲通・下野谷町・本町通・栄町通1〜2丁目・向井町・大東町・朝日町・浜町・安善町・汐入町・小野町・末広町・寛政町・弁天町・扇島","https://www.city.yokohama.lg.jp/kenko-iryo-fukushi/fukushi-kaigo/koreisha-kaigo/otoiawase/chiikihoukatsu.files/0034_20260724.pdf","2026-08-23"
"神奈川県","横浜市鶴見区","横浜市矢向地域ケアプラザ","2300001","神奈川県横浜市鶴見区矢向4-32-11","045-573-0029","矢向1〜6丁目・江ケ崎町","https://www.city.yokohama.lg.jp/kenko-iryo-fukushi/fukushi-kaigo/koreisha-kaigo/otoiawase/chiikihoukatsu.files/0034_20260724.pdf","2026-08-23"
"神奈川県","横浜市鶴見区","横浜市寺尾地域ケアプラザ","2300077","神奈川県横浜市鶴見区東寺尾6-37-14","045-585-5622","岸谷3丁目・北寺尾1〜7丁目・獅子ケ谷1〜3丁目・諏訪坂・鶴見1〜2丁目・寺谷1丁目・馬場6丁目・東寺尾北台・東寺尾中台・東寺尾東台","https://www.city.yokohama.lg.jp/kenko-iryo-fukushi/fukushi-kaigo/koreisha-kaigo/otoiawase/chiikihoukatsu.files/0034_20260724.pdf","2026-08-23"
"神奈川県","横浜市鶴見区","横浜市東寺尾地域ケアプラザ","2300077","神奈川県横浜市鶴見区東寺尾1-12-3","045-584-0293","岸谷1〜4丁目・東寺尾1〜6丁目","https://www.city.yokohama.lg.jp/kenko-iryo-fukushi/fukushi-kaigo/koreisha-kaigo/otoiawase/chiikihoukatsu.files/0034_20260724.pdf","2026-08-23"
"神奈川県","横浜市鶴見区","横浜市駒岡地域ケアプラザ","2300071","神奈川県横浜市鶴見区駒岡4-28-5","045-581-0519","梶山1〜2丁目・上末吉1〜5丁目・駒岡1〜5丁目・獅子ケ谷1丁目の一部・下末吉1〜6丁目・三ツ池公園","https://www.city.yokohama.lg.jp/kenko-iryo-fukushi/fukushi-kaigo/koreisha-kaigo/otoiawase/chiikihoukatsu.files/0034_20260724.pdf","2026-08-23"
"神奈川県","横浜市鶴見区","横浜市鶴見市場地域ケアプラザ","2300024","神奈川県横浜市鶴見区市場下町11-5","045-504-1188","市場東中町・市場西中町・市場下町・市場大和町・市場富士見町・菅沢町・平安町・栄町通3〜4丁目・尻手1〜3丁目・元宮1〜2丁目・市場上町","https://www.city.yokohama.lg.jp/kenko-iryo-fukushi/fukushi-kaigo/koreisha-kaigo/otoiawase/chiikihoukatsu.files/0034_20260724.pdf","2026-08-23"
"神奈川県","横浜市鶴見区","横浜市鶴見中央地域ケアプラザ","2300051","神奈川県横浜市鶴見区鶴見中央1-23-26","045-521-8100","鶴見1〜2丁目の一部・鶴見中央1〜5丁目・豊岡町・佃野町・寺谷1〜2丁目・東寺尾中台の一部・諏訪坂の一部","https://www.city.yokohama.lg.jp/kenko-iryo-fukushi/fukushi-kaigo/koreisha-kaigo/otoiawase/chiikihoukatsu.files/0034_20260724.pdf","2026-08-23"
"神奈川県","横浜市鶴見区","横浜市生麦地域ケアプラザ","2300052","神奈川県横浜市鶴見区生麦4-6-4","045-503-2135","生麦1〜5丁目・岸谷4丁目の一部・鶴見中央5丁目の一部・大黒町・大黒ふ頭","https://www.city.yokohama.lg.jp/kenko-iryo-fukushi/fukushi-kaigo/koreisha-kaigo/otoiawase/chiikihoukatsu.files/0034_20260724.pdf","2026-08-23"
"神奈川県","横浜市鶴見区","横浜市馬場地域ケアプラザ","2300076","神奈川県横浜市鶴見区馬場7-11-23","045-576-4232","上の宮1〜2丁目・北寺尾6〜7丁目の一部・獅子ケ谷3丁目の一部・馬場1〜7丁目・東寺尾1〜2丁目の一部・東寺尾5〜6丁目の一部","https://www.city.yokohama.lg.jp/kenko-iryo-fukushi/fukushi-kaigo/koreisha-kaigo/otoiawase/chiikihoukatsu.files/0034_20260724.pdf","2026-08-23"
"神奈川県","横浜市神奈川区","横浜市反町地域ケアプラザ","2210825","神奈川県横浜市神奈川区反町1-11-2","045-321-8026","高島台・松本町・反町・栄町・上反町・幸ケ谷・金港町・桐畑・大野町・青木町・台町・鶴屋町1丁目・松ケ丘・栗田谷・旭ケ丘・広台太田町・泉町・鳥越・立町・富家町・西神奈川1丁目・二ツ谷町","https://www.city.yokohama.lg.jp/kenko-iryo-fukushi/fukushi-kaigo/koreisha-kaigo/otoiawase/chiikihoukatsu.files/0034_20260724.pdf","2026-08-23"
"神奈川県","横浜市神奈川区","横浜市神之木地域ケアプラザ","2210015","神奈川県横浜市神奈川区神之木町7-1","045-435-3096","松見町・西寺尾1〜4丁目・神之木町・神之木台・大口仲町・大口通・西大口・七島町","https://www.city.yokohama.lg.jp/kenko-iryo-fukushi/fukushi-kaigo/koreisha-kaigo/otoiawase/chiikihoukatsu.files/0034_20260724.pdf","2026-08-23"
"神奈川県","横浜市神奈川区","横浜市菅田地域ケアプラザ","2210864","神奈川県横浜市神奈川区菅田町1718-1","045-471-3103","菅田町","https://www.city.yokohama.lg.jp/kenko-iryo-fukushi/fukushi-kaigo/koreisha-kaigo/otoiawase/chiikihoukatsu.files/0034_20260724.pdf","2026-08-23"
"神奈川県","横浜市神奈川区","横浜市片倉三枚地域ケアプラザ","2210862","神奈川県横浜市神奈川区三枚町199-4","045-413-2572","三枚町・神大寺1〜4丁目・片倉1〜5丁目","https://www.city.yokohama.lg.jp/kenko-iryo-fukushi/fukushi-kaigo/koreisha-kaigo/otoiawase/chiikihoukatsu.files/0034_20260724.pdf","2026-08-23"
"神奈川県","横浜市神奈川区","横浜市新子安地域ケアプラザ","2210013","神奈川県横浜市神奈川区新子安1-2-4 オルトヨコハマビジネスセンター1F","045-423-1703","新子安1〜2丁目・子安台1〜2丁目・子安通・入江1〜2丁目・神奈川1〜2丁目・東神奈川1〜2丁目・新町・神奈川本町・浦島町・亀住町・千若町・新浦島町・守屋町・恵比寿町・宝町・山内町・星野町・出田町・鈴繁町・橋本町・瑞穂町・浦島丘","https://www.city.yokohama.lg.jp/kenko-iryo-fukushi/fukushi-kaigo/koreisha-kaigo/otoiawase/chiikihoukatsu.files/0034_20260724.pdf","2026-08-23"
"神奈川県","横浜市神奈川区","横浜市沢渡三ツ沢地域ケアプラザ","2210844","神奈川県横浜市神奈川区沢渡56-1","045-577-8213","鶴屋町2〜3丁目・沢渡・三ツ沢東町・三ツ沢西町・三ツ沢南町・三ツ沢上町・三ツ沢中町・三ツ沢下町","https://www.city.yokohama.lg.jp/kenko-iryo-fukushi/fukushi-kaigo/koreisha-kaigo/otoiawase/chiikihoukatsu.files/0034_20260724.pdf","2026-08-23"
"神奈川県","横浜市神奈川区","横浜市六角橋地域ケアプラザ","2210802","神奈川県横浜市神奈川区六角橋3-3-13","045-413-3285","西神奈川2〜3丁目・二本榎・中丸・斎藤分町・平川町・白楽・六角橋1〜6丁目・白幡町・白幡東町・白幡西町・白幡南町・白幡上町・白幡仲町・白幡向町","https://www.city.yokohama.lg.jp/kenko-iryo-fukushi/fukushi-kaigo/koreisha-kaigo/otoiawase/chiikihoukatsu.files/0034_20260724.pdf","2026-08-23"
"神奈川県","横浜市神奈川区","若竹苑（特別養護老人ホーム）","2210863","神奈川県横浜市神奈川区羽沢町550-1","045-382-0024","羽沢町・羽沢南1〜4丁目","https://www.city.yokohama.lg.jp/kenko-iryo-fukushi/fukushi-kaigo/koreisha-kaigo/otoiawase/chiikihoukatsu.files/0034_20260724.pdf","2026-08-23"
"神奈川県","横浜市西区","浅間台地域ケアプラザ","2200071","神奈川県横浜市西区浅間台6","045-311-7593","北幸1〜2丁目・南幸1〜2丁目・岡野1〜2丁目・西平沼町・浅間町・南浅間町・浅間台・楠町・宮ケ谷・南軽井沢・北軽井沢","https://www.city.yokohama.lg.jp/kenko-iryo-fukushi/fukushi-kaigo/koreisha-kaigo/otoiawase/chiikihoukatsu.files/0034_20260724.pdf","2026-08-23"
"神奈川県","横浜市西区","横浜市藤棚地域ケアプラザ","2200053","神奈川県横浜市西区藤棚町2-198","045-253-0662","藤棚町1丁目の一部・藤棚町2丁目・浜松町・久保町・東久保町・元久保町・境之谷","https://www.city.yokohama.lg.jp/kenko-iryo-fukushi/fukushi-kaigo/koreisha-kaigo/otoiawase/chiikihoukatsu.files/0034_20260724.pdf","2026-08-23"
"神奈川県","横浜市西区","横浜市宮崎地域ケアプラザ","2200031","神奈川県横浜市西区宮崎町2","045-261-6121","花咲町・紅葉ケ丘・宮崎町・戸部町1〜4丁目・老松町・東ケ丘・赤門町・霞ケ丘・西戸部町1〜2丁目・伊勢町1〜3丁目","https://www.city.yokohama.lg.jp/kenko-iryo-fukushi/fukushi-kaigo/koreisha-kaigo/otoiawase/chiikihoukatsu.files/0034_20260724.pdf","2026-08-23"
"神奈川県","横浜市西区","横浜市戸部本町地域ケアプラザ","2200041","神奈川県横浜市西区戸部本町50-33","045-321-3300","御所山町・戸部本町・戸部町5〜7丁目・桜木町・西戸部町3丁目・伊勢町3丁目の一部・中央1〜2丁目・西前町・藤棚町1丁目の一部・高島1〜2丁目・平沼1〜2丁目・みなとみらい1〜6丁目","https://www.city.yokohama.lg.jp/kenko-iryo-fukushi/fukushi-kaigo/koreisha-kaigo/otoiawase/chiikihoukatsu.files/0034_20260724.pdf","2026-08-23"
"神奈川県","横浜市中区","横浜市新山下地域ケアプラザ","2310801","神奈川県横浜市中区新山下3-15-5","045-625-0081","山下町・元町・新山下1〜3丁目・千代崎町・北方町・小港町・諏訪町・本牧十二天","https://www.city.yokohama.lg.jp/kenko-iryo-fukushi/fukushi-kaigo/koreisha-kaigo/otoiawase/chiikihoukatsu.files/0034_20260724.pdf","2026-08-23"
"神奈川県","横浜市中区","横浜市不老町地域ケアプラザ","2310032","神奈川県横浜市中区不老町3-15-2","045-662-9989","宮川町・桜木町・花咲町・野毛町・黄金町・初音町・日ノ出町・赤門町・英町・伊勢佐木町・末広町・羽衣町・弥生町・曙町・末吉町・吉田町・福富町仲通・福富町西通・福富町東通・長者町・蓬莱町・若葉町・松影町・吉浜町・万代町・不老町・寿町・扇町・三吉町・千歳町・翁町・山田町・山吹町・富士見町・石川町・打越・海岸通・元浜町・日本大通・新港1〜2丁目・北仲通・南仲通・太田町・相生町・住吉町・常盤町・尾上町・真砂町・港町・本町・弁天通・横浜公園・内田町","https://www.city.yokohama.lg.jp/kenko-iryo-fukushi/fukushi-kaigo/koreisha-kaigo/otoiawase/chiikihoukatsu.files/0034_20260724.pdf","2026-08-23"
"神奈川県","横浜市中区","横浜市麦田地域ケアプラザ","2310849","神奈川県横浜市中区麦田町1-26-2","045-664-6024","麦田町・柏葉・大和町・立野・鷺山・竹之丸・西之谷町・本牧緑ケ丘の一部・上野町・妙香寺台・豆口台・滝之上の一部・仲尾台・山手町の一部","https://www.city.yokohama.lg.jp/kenko-iryo-fukushi/fukushi-kaigo/koreisha-kaigo/otoiawase/chiikihoukatsu.files/0034_20260724.pdf","2026-08-23"
"神奈川県","横浜市中区","横浜市本牧原地域ケアプラザ","2310821","神奈川県横浜市中区本牧原6-1","045-623-0975","本郷町・本牧満坂・本牧町・本牧荒井の一部・本牧原・本牧宮原・本牧元町の一部・本牧緑ケ丘の一部・錦町・和田山・本牧ふ頭","https://www.city.yokohama.lg.jp/kenko-iryo-fukushi/fukushi-kaigo/koreisha-kaigo/otoiawase/chiikihoukatsu.files/0034_20260724.pdf","2026-08-23"
"神奈川県","横浜市中区","横浜市簑沢地域ケアプラザ","2310856","神奈川県横浜市中区簑沢13-204","045-663-6930","山元町・簑沢・塚越・寺久保・大平町・大芝台・西竹之丸・根岸台・根岸旭台・滝之上の一部・山手町の一部","https://www.city.yokohama.lg.jp/kenko-iryo-fukushi/fukushi-kaigo/koreisha-kaigo/otoiawase/chiikihoukatsu.files/0034_20260724.pdf","2026-08-23"
"神奈川県","横浜市中区","横浜市本牧和田地域ケアプラザ","2310827","神奈川県横浜市中区本牧和田35-13","045-628-1311","本牧和田・本牧間門・本牧荒井の一部・本牧元町の一部・本牧大里町・本牧三之谷・根岸町・池袋・根岸加曽台・矢口台・千鳥町・豊浦町・かもめ町・南本牧","https://www.city.yokohama.lg.jp/kenko-iryo-fukushi/fukushi-kaigo/koreisha-kaigo/otoiawase/chiikihoukatsu.files/0034_20260724.pdf","2026-08-23"
"神奈川県","横浜市南区","横浜市大岡地域ケアプラザ","2320061","神奈川県横浜市南区大岡1-14-1","045-711-8581","大岡1〜2丁目・大橋町・中島町・通町・若宮町・弘明寺町・井土ケ谷下町・井土ケ谷中町・井土ケ谷上町・中里町","https://www.city.yokohama.lg.jp/kenko-iryo-fukushi/fukushi-kaigo/koreisha-kaigo/otoiawase/chiikihoukatsu.files/0034_20260724.pdf","2026-08-23"
"神奈川県","横浜市南区","横浜市清水ケ丘地域ケアプラザ","2320007","神奈川県横浜市南区清水ケ丘49","045-253-0147","清水ケ丘・庚台・三春台・伏見町・西中町・前里町・白金町・南太田1〜4丁目","https://www.city.yokohama.lg.jp/kenko-iryo-fukushi/fukushi-kaigo/koreisha-kaigo/otoiawase/chiikihoukatsu.files/0034_20260724.pdf","2026-08-23"
"神奈川県","横浜市南区","横浜市永田地域ケアプラザ","2320073","神奈川県横浜市南区永田南2-16-31","045-711-8612","永田南1〜2丁目・永田山王台・永田東1〜3丁目・永田みなみ台・永田台・永田北1〜3丁目","https://www.city.yokohama.lg.jp/kenko-iryo-fukushi/fukushi-kaigo/koreisha-kaigo/otoiawase/chiikihoukatsu.files/0034_20260724.pdf","2026-08-23"
"神奈川県","横浜市南区","横浜市六ツ川地域ケアプラザ","2320066","神奈川県横浜市南区六ツ川2-3-211","045-716-0682","六ツ川1〜4丁目・別所中里台・別所6〜7丁目・中里4丁目","https://www.city.yokohama.lg.jp/kenko-iryo-fukushi/fukushi-kaigo/koreisha-kaigo/otoiawase/chiikihoukatsu.files/0034_20260724.pdf","2026-08-23"
"神奈川県","横浜市南区","横浜市浦舟地域ケアプラザ","2320024","神奈川県横浜市南区浦舟町3-46","045-261-3318","永楽町・真金町・万世町・高根町・白妙町・浦舟町・日枝町・南吉田町・山王町・吉野町・新川町・二葉町・高砂町","https://www.city.yokohama.lg.jp/kenko-iryo-fukushi/fukushi-kaigo/koreisha-kaigo/otoiawase/chiikihoukatsu.files/0034_20260724.pdf","2026-08-23"
"神奈川県","横浜市南区","横浜市中村地域ケアプラザ","2320033","神奈川県横浜市南区中村町2-120-3","045-260-5101","中村町・唐沢・平楽・八幡町・山谷","https://www.city.yokohama.lg.jp/kenko-iryo-fukushi/fukushi-kaigo/koreisha-kaigo/otoiawase/chiikihoukatsu.files/0034_20260724.pdf","2026-08-23"
"神奈川県","横浜市南区","横浜市睦地域ケアプラザ","2320041","神奈川県横浜市南区睦町1-31-1","045-730-5080","堀ノ内町・睦町・花之木町・宿町・宮元町・共進町・東蒔田町・榎町・蒔田町","https://www.city.yokohama.lg.jp/kenko-iryo-fukushi/fukushi-kaigo/koreisha-kaigo/otoiawase/chiikihoukatsu.files/0034_20260724.pdf","2026-08-23"
"神奈川県","横浜市南区","横浜市別所地域ケアプラザ","2320064","神奈川県横浜市南区別所1-7-23","045-714-2215","大岡3〜5丁目・別所1〜5丁目・中里1〜3丁目","https://www.city.yokohama.lg.jp/kenko-iryo-fukushi/fukushi-kaigo/koreisha-kaigo/otoiawase/chiikihoukatsu.files/0034_20260724.pdf","2026-08-23"
"神奈川県","横浜市港南区","横浜市港南台地域ケアプラザ","2340054","神奈川県横浜市港南区港南台3-3-1","045-834-3143","港南台1〜9丁目","https://www.city.yokohama.lg.jp/kenko-iryo-fukushi/fukushi-kaigo/koreisha-kaigo/otoiawase/chiikihoukatsu.files/0034_20260724.pdf","2026-08-23"
"神奈川県","横浜市港南区","横浜市東永谷地域ケアプラザ","2330011","神奈川県横浜市港南区東永谷1-1-12","045-826-1098","東永谷1〜3丁目・大久保1〜3丁目・最戸1〜2丁目","https://www.city.yokohama.lg.jp/kenko-iryo-fukushi/fukushi-kaigo/koreisha-kaigo/otoiawase/chiikihoukatsu.files/0034_20260724.pdf","2026-08-23"
"神奈川県","横浜市港南区","横浜市下永谷地域ケアプラザ","2330016","神奈川県横浜市港南区下永谷3-33-5","045-826-2658","下永谷1〜6丁目","https://www.city.yokohama.lg.jp/kenko-iryo-fukushi/fukushi-kaigo/koreisha-kaigo/otoiawase/chiikihoukatsu.files/0034_20260724.pdf","2026-08-23"
"神奈川県","横浜市港南区","横浜市野庭地域ケアプラザ","2340056","神奈川県横浜市港南区野庭町612","045-848-0102","野庭町の一部・上永谷町","https://www.city.yokohama.lg.jp/kenko-iryo-fukushi/fukushi-kaigo/koreisha-kaigo/otoiawase/chiikihoukatsu.files/0034_20260724.pdf","2026-08-23"
"神奈川県","横浜市港南区","横浜市日下地域ケアプラザ","2340052","神奈川県横浜市港南区笹下3-11-1","045-843-3668","笹下2〜7丁目・日野中央1・3丁目","https://www.city.yokohama.lg.jp/kenko-iryo-fukushi/fukushi-kaigo/koreisha-kaigo/otoiawase/chiikihoukatsu.files/0034_20260724.pdf","2026-08-23"
"神奈川県","横浜市港南区","横浜市港南中央地域ケアプラザ","2330003","神奈川県横浜市港南区港南4-2-7","045-845-4103","上大岡西1〜3丁目・港南1〜6丁目・港南中央通・笹下1丁目・日野1〜6丁目・上大岡東1〜3丁目","https://www.city.yokohama.lg.jp/kenko-iryo-fukushi/fukushi-kaigo/koreisha-kaigo/otoiawase/chiikihoukatsu.files/0034_20260724.pdf","2026-08-23"
"神奈川県","横浜市港南区","横浜市日野南地域ケアプラザ","2340055","神奈川県横浜市港南区日野南3-1-11","045-835-0988","日野南1〜7丁目・日野7〜9丁目・日野中央2丁目","https://www.city.yokohama.lg.jp/kenko-iryo-fukushi/fukushi-kaigo/koreisha-kaigo/otoiawase/chiikihoukatsu.files/0034_20260724.pdf","2026-08-23"
"神奈川県","横浜市港南区","横浜市芹が谷地域ケアプラザ","2330006","神奈川県横浜市港南区芹が谷2-16-12","045-826-8266","芹が谷1〜5丁目・東芹が谷","https://www.city.yokohama.lg.jp/kenko-iryo-fukushi/fukushi-kaigo/koreisha-kaigo/otoiawase/chiikihoukatsu.files/0034_20260724.pdf","2026-08-23"
"神奈川県","横浜市港南区","横浜市日限山地域ケアプラザ","2330015","神奈川県横浜市港南区日限山1-66-55","045-827-1871","日限山1〜4丁目・丸山台4丁目","https://www.city.yokohama.lg.jp/kenko-iryo-fukushi/fukushi-kaigo/koreisha-kaigo/otoiawase/chiikihoukatsu.files/0034_20260724.pdf","2026-08-23"
"神奈川県","横浜市港南区","横浜市上永谷駅前地域ケアプラザ","2330013","神奈川県横浜市港南区丸山台1-9-10","045-840-1262","上永谷1〜6丁目・丸山台1〜3丁目・野庭町の一部","https://www.city.yokohama.lg.jp/kenko-iryo-fukushi/fukushi-kaigo/koreisha-kaigo/otoiawase/chiikihoukatsu.files/0034_20260724.pdf","2026-08-23"
"神奈川県","横浜市保土ケ谷区","上菅田地域ケアプラザ","2400051","神奈川県横浜市保土ケ谷区上菅田町1696","045-372-0125","新井町・上菅田町","https://www.city.yokohama.lg.jp/kenko-iryo-fukushi/fukushi-kaigo/koreisha-kaigo/otoiawase/chiikihoukatsu.files/0034_20260724.pdf","2026-08-23"
"神奈川県","横浜市保土ケ谷区","横浜市岩崎地域ケアプラザ","2400015","神奈川県横浜市保土ケ谷区岩崎町37-5","045-334-1545","岩崎町・狩場町・桜ケ丘1〜2丁目・初音ケ丘・花見台・保土ケ谷町2〜3丁目","https://www.city.yokohama.lg.jp/kenko-iryo-fukushi/fukushi-kaigo/koreisha-kaigo/otoiawase/chiikihoukatsu.files/0034_20260724.pdf","2026-08-23"
"神奈川県","横浜市保土ケ谷区","横浜市今井地域ケアプラザ","2400035","神奈川県横浜市保土ケ谷区今井町412-8","045-351-8816","今井町・法泉1〜3丁目・新桜ケ丘1〜2丁目・境木町・藤塚町・境木本町・権太坂1〜3丁目","https://www.city.yokohama.lg.jp/kenko-iryo-fukushi/fukushi-kaigo/koreisha-kaigo/otoiawase/chiikihoukatsu.files/0034_20260724.pdf","2026-08-23"
"神奈川県","横浜市保土ケ谷区","横浜市星川地域ケアプラザ","2400001","神奈川県横浜市保土ケ谷区川辺町5-11","045-333-9590","明神台・星川1〜3丁目・峰岡町1〜2丁目・川辺町・天王町・宮田町","https://www.city.yokohama.lg.jp/kenko-iryo-fukushi/fukushi-kaigo/koreisha-kaigo/otoiawase/chiikihoukatsu.files/0034_20260724.pdf","2026-08-23"
"神奈川県","横浜市保土ケ谷区","横浜市仏向地域ケアプラザ","2400044","神奈川県横浜市保土ケ谷区仏向町1262-3","045-336-9998","仏向町・仏向西・坂本町","https://www.city.yokohama.lg.jp/kenko-iryo-fukushi/fukushi-kaigo/koreisha-kaigo/otoiawase/chiikihoukatsu.files/0034_20260724.pdf","2026-08-23"
"神奈川県","横浜市保土ケ谷区","横浜市常盤台地域ケアプラザ","2400067","神奈川県横浜市保土ケ谷区常盤台53-2","045-339-5702","鎌谷町・峰沢町・岡沢町・常盤台・釜台町・和田1〜2丁目・上星川1〜3丁目・峰岡町3丁目","https://www.city.yokohama.lg.jp/kenko-iryo-fukushi/fukushi-kaigo/koreisha-kaigo/otoiawase/chiikihoukatsu.files/0034_20260724.pdf","2026-08-23"
"神奈川県","横浜市保土ケ谷区","横浜市川島地域ケアプラザ","2400045","神奈川県横浜市保土ケ谷区川島町360-2","045-373-6777","川島町・東川島町・西谷町・西谷1〜4丁目","https://www.city.yokohama.lg.jp/kenko-iryo-fukushi/fukushi-kaigo/koreisha-kaigo/otoiawase/chiikihoukatsu.files/0034_20260724.pdf","2026-08-23"
"神奈川県","横浜市保土ケ谷区","横浜市保土ケ谷地域ケアプラザ","2400023","神奈川県横浜市保土ケ谷区岩井町143番地2","045-743-1882","霞台・岩井町・月見台・瀬戸ケ谷町・保土ケ谷町1丁目・帷子町・西久保町・岩間町・神戸町","https://www.city.yokohama.lg.jp/kenko-iryo-fukushi/fukushi-kaigo/koreisha-kaigo/otoiawase/chiikihoukatsu.files/0034_20260724.pdf","2026-08-23"
"神奈川県","横浜市旭区","万騎が原地域ケアプラザ","2410836","神奈川県横浜市旭区万騎が原4番地","045-362-1222","本宿町・南本宿町・万騎が原・桐が作・大池町・柏町","https://www.city.yokohama.lg.jp/kenko-iryo-fukushi/fukushi-kaigo/koreisha-kaigo/otoiawase/chiikihoukatsu.files/0034_20260724.pdf","2026-08-23"
"神奈川県","横浜市旭区","横浜市上白根地域ケアプラザ","2410001","神奈川県横浜市旭区上白根町112番地","045-951-3966","中白根1〜4丁目・白根5丁目の一部・白根7丁目の一部・白根8丁目・白根町・上白根1〜3丁目・上白根町の一部","https://www.city.yokohama.lg.jp/kenko-iryo-fukushi/fukushi-kaigo/koreisha-kaigo/otoiawase/chiikihoukatsu.files/0034_20260724.pdf","2026-08-23"
"神奈川県","横浜市旭区","横浜市左近山地域ケアプラザ","2410831","神奈川県横浜市旭区左近山1186-2","045-442-8847","左近山・市沢町・小高町の一部","https://www.city.yokohama.lg.jp/kenko-iryo-fukushi/fukushi-kaigo/koreisha-kaigo/otoiawase/chiikihoukatsu.files/0034_20260724.pdf","2026-08-23"
"神奈川県","横浜市旭区","横浜市川井地域ケアプラザ","2410803","神奈川県横浜市旭区川井本町57-8","045-959-0066","上川井町・川井本町・川井宿町・下川井町・都岡町・矢指町","https://www.city.yokohama.lg.jp/kenko-iryo-fukushi/fukushi-kaigo/koreisha-kaigo/otoiawase/chiikihoukatsu.files/0034_20260724.pdf","2026-08-23"
"神奈川県","横浜市旭区","横浜市若葉台地域ケアプラザ","2410801","神奈川県横浜市旭区若葉台4-16-1","045-923-8833","若葉台1〜4丁目","https://www.city.yokohama.lg.jp/kenko-iryo-fukushi/fukushi-kaigo/koreisha-kaigo/otoiawase/chiikihoukatsu.files/0034_20260724.pdf","2026-08-23"
"神奈川県","横浜市旭区","横浜市鶴ケ峰地域ケアプラザ","2410022","神奈川県横浜市旭区鶴ケ峰1-38-3","045-382-6073","鶴ケ峰1〜2丁目・西川島町・川島町の一部・三反田町・小高町の一部・鶴ケ峰本町1〜3丁目","https://www.city.yokohama.lg.jp/kenko-iryo-fukushi/fukushi-kaigo/koreisha-kaigo/otoiawase/chiikihoukatsu.files/0034_20260724.pdf","2026-08-23"
"神奈川県","横浜市旭区","横浜市今宿地域ケアプラザ","2410813","神奈川県横浜市旭区今宿町2647-2","045-392-0308","今宿町・東希望が丘の一部・今宿1〜2丁目・中沢1〜3丁目・中尾1〜2丁目","https://www.city.yokohama.lg.jp/kenko-iryo-fukushi/fukushi-kaigo/koreisha-kaigo/otoiawase/chiikihoukatsu.files/0034_20260724.pdf","2026-08-23"
"神奈川県","横浜市旭区","横浜市ひかりが丘地域ケアプラザ","2410001","神奈川県横浜市旭区上白根町807-2","045-953-6892","上白根町の一部","https://www.city.yokohama.lg.jp/kenko-iryo-fukushi/fukushi-kaigo/koreisha-kaigo/otoiawase/chiikihoukatsu.files/0034_20260724.pdf","2026-08-23"
"神奈川県","横浜市旭区","横浜市南希望が丘地域ケアプラザ","2410824","神奈川県横浜市旭区南希望が丘72-3","045-360-5096","中希望が丘・南希望が丘・東希望が丘の一部・善部町","https://www.city.yokohama.lg.jp/kenko-iryo-fukushi/fukushi-kaigo/koreisha-kaigo/otoiawase/chiikihoukatsu.files/0034_20260724.pdf","2026-08-23"
"神奈川県","横浜市旭区","横浜市今宿西地域ケアプラザ","2410031","神奈川県横浜市旭区今宿西町410-1","045-951-2511","今宿東町・今宿西町・今宿南町","https://www.city.yokohama.lg.jp/kenko-iryo-fukushi/fukushi-kaigo/koreisha-kaigo/otoiawase/chiikihoukatsu.files/0034_20260724.pdf","2026-08-23"
"神奈川県","横浜市旭区","横浜市笹野台地域ケアプラザ","2410816","神奈川県横浜市旭区笹野台2-32-1","045-367-2070","金が谷・金が谷1〜2丁目・笹野台1〜4丁目","https://www.city.yokohama.lg.jp/kenko-iryo-fukushi/fukushi-kaigo/koreisha-kaigo/otoiawase/chiikihoukatsu.files/0034_20260724.pdf","2026-08-23"
"神奈川県","横浜市旭区","横浜市白根地域ケアプラザ","2410005","神奈川県横浜市旭区白根2-3-18 パール横浜白根ビル2階","045-958-2573","白根1〜4・6丁目・白根5丁目の一部・白根7丁目の一部・川島町の一部","https://www.city.yokohama.lg.jp/kenko-iryo-fukushi/fukushi-kaigo/koreisha-kaigo/otoiawase/chiikihoukatsu.files/0034_20260724.pdf","2026-08-23"
"神奈川県","横浜市旭区","横浜市二俣川地域ケアプラザ","2410821","神奈川県横浜市旭区二俣川2-50-14 COPRE二俣川商業・業務棟6階","045-361-1780","二俣川1〜2丁目・さちが丘・今川町・四季美台・本村町","https://www.city.yokohama.lg.jp/kenko-iryo-fukushi/fukushi-kaigo/koreisha-kaigo/otoiawase/chiikihoukatsu.files/0034_20260724.pdf","2026-08-23"
"神奈川県","横浜市磯子区","横浜市根岸地域ケアプラザ","2350002","神奈川県横浜市磯子区馬場町1-42","045-751-4899","東町・西町・鳳町・原町・下町・坂下町・馬場町・上町・広地町・久木町・磯子1・8丁目・中浜町","https://www.city.yokohama.lg.jp/kenko-iryo-fukushi/fukushi-kaigo/koreisha-kaigo/otoiawase/chiikihoukatsu.files/0034_20260724.pdf","2026-08-23"
"神奈川県","横浜市磯子区","横浜市新杉田地域ケアプラザ","2350032","神奈川県横浜市磯子区新杉田町8-7","045-771-8848","杉田1〜9丁目・新杉田町・杉田坪呑","https://www.city.yokohama.lg.jp/kenko-iryo-fukushi/fukushi-kaigo/koreisha-kaigo/otoiawase/chiikihoukatsu.files/0034_20260724.pdf","2026-08-23"
"神奈川県","横浜市磯子区","横浜市洋光台地域ケアプラザ","2350045","神奈川県横浜市磯子区洋光台6-7-1","045-832-1496","洋光台1〜6丁目","https://www.city.yokohama.lg.jp/kenko-iryo-fukushi/fukushi-kaigo/koreisha-kaigo/otoiawase/chiikihoukatsu.files/0034_20260724.pdf","2026-08-23"
"神奈川県","横浜市磯子区","横浜市磯子地域ケアプラザ","2350016","神奈川県横浜市磯子区磯子3-1-22","045-758-0184","磯子2〜7丁目・磯子台・新磯子町・森1丁目・新森町","https://www.city.yokohama.lg.jp/kenko-iryo-fukushi/fukushi-kaigo/koreisha-kaigo/otoiawase/chiikihoukatsu.files/0034_20260724.pdf","2026-08-23"
"神奈川県","横浜市磯子区","横浜市滝頭地域ケアプラザ","2350012","神奈川県横浜市磯子区滝頭2-30-1","045-758-0622","丸山1〜2丁目・滝頭1〜3丁目・岡村1〜8丁目","https://www.city.yokohama.lg.jp/kenko-iryo-fukushi/fukushi-kaigo/koreisha-kaigo/otoiawase/chiikihoukatsu.files/0034_20260724.pdf","2026-08-23"
"神奈川県","横浜市磯子区","横浜市屏風ヶ浦地域ケアプラザ","2350023","神奈川県横浜市磯子区森4-1-17","045-750-5311","汐見台・森2〜6丁目・森が丘1〜2丁目・中原1〜4丁目・新中原町","https://www.city.yokohama.lg.jp/kenko-iryo-fukushi/fukushi-kaigo/koreisha-kaigo/otoiawase/chiikihoukatsu.files/0034_20260724.pdf","2026-08-23"
"神奈川県","横浜市磯子区","横浜市上笹下地域ケアプラザ","2350043","神奈川県横浜市磯子区氷取沢町60-17","045-769-0243","栗木1〜3丁目・田中1〜2丁目・上中里町・氷取沢町・峰町","https://www.city.yokohama.lg.jp/kenko-iryo-fukushi/fukushi-kaigo/koreisha-kaigo/otoiawase/chiikihoukatsu.files/0034_20260724.pdf","2026-08-23"
"神奈川県","横浜市金沢区","横浜市並木地域ケアプラザ","2360051","神奈川県横浜市金沢区富岡東2-5-31","045-775-1357","富岡東1〜2丁目・富岡東3丁目の一部・並木1丁目・昭和町・鳥浜町・白帆","https://www.city.yokohama.lg.jp/kenko-iryo-fukushi/fukushi-kaigo/koreisha-kaigo/otoiawase/chiikihoukatsu.files/0034_20260724.pdf","2026-08-23"
"神奈川県","横浜市金沢区","横浜市六浦地域ケアプラザ","2360031","神奈川県横浜市金沢区六浦5-20-2","045-786-8949","六浦町・六浦南1丁目の一部〜5丁目・六浦東3丁目の一部・六浦3〜5丁目・大道1〜2丁目・朝比奈町・東朝比奈1〜3丁目","https://www.city.yokohama.lg.jp/kenko-iryo-fukushi/fukushi-kaigo/koreisha-kaigo/otoiawase/chiikihoukatsu.files/0034_20260724.pdf","2026-08-23"
"神奈川県","横浜市金沢区","横浜市泥亀地域ケアプラザ","2360021","神奈川県横浜市金沢区泥亀1-21-5","045-782-2951","泥亀1〜2丁目・町屋町・洲崎町・谷津町・金沢町の一部・寺前1〜2丁目・海の公園・平潟町","https://www.city.yokohama.lg.jp/kenko-iryo-fukushi/fukushi-kaigo/koreisha-kaigo/otoiawase/chiikihoukatsu.files/0034_20260724.pdf","2026-08-23"
"神奈川県","横浜市金沢区","横浜市富岡地域ケアプラザ","2360052","神奈川県横浜市金沢区富岡西7-16-1","045-771-2350","富岡西1〜7丁目","https://www.city.yokohama.lg.jp/kenko-iryo-fukushi/fukushi-kaigo/koreisha-kaigo/otoiawase/chiikihoukatsu.files/0034_20260724.pdf","2026-08-23"
"神奈川県","横浜市金沢区","横浜市釜利谷地域ケアプラザ","2360045","神奈川県横浜市金沢区釜利谷南2-8-1","045-788-2903","釜利谷東1〜8丁目の一部・釜利谷南1〜2丁目の一部・釜利谷南4丁目の一部・高舟台1〜2丁目・大道1丁目の一部・大川の一部","https://www.city.yokohama.lg.jp/kenko-iryo-fukushi/fukushi-kaigo/koreisha-kaigo/otoiawase/chiikihoukatsu.files/0034_20260724.pdf","2026-08-23"
"神奈川県","横浜市金沢区","横浜市能見台地域ケアプラザ","2360058","神奈川県横浜市金沢区能見台東2-1","045-787-0992","能見台1〜6丁目・西柴1丁目の一部・2丁目の一部・能見台通・能見台東・堀口・片吹・長浜・長浜1〜2丁目・能見台森","https://www.city.yokohama.lg.jp/kenko-iryo-fukushi/fukushi-kaigo/koreisha-kaigo/otoiawase/chiikihoukatsu.files/0034_20260724.pdf","2026-08-23"
"神奈川県","横浜市金沢区","横浜市西金沢地域ケアプラザ","2360045","神奈川県横浜市金沢区釜利谷南3-22-3","045-788-2972","釜利谷町・釜利谷東4〜5丁目の一部・釜利谷西1〜6丁目・釜利谷南2丁目の一部・釜利谷南3丁目・釜利谷南4丁目の一部・みず木町","https://www.city.yokohama.lg.jp/kenko-iryo-fukushi/fukushi-kaigo/koreisha-kaigo/otoiawase/chiikihoukatsu.files/0034_20260724.pdf","2026-08-23"
"神奈川県","横浜市金沢区","横浜市富岡東地域ケアプラザ","2360051","神奈川県横浜市金沢区富岡東4-13-3","045-776-2038","富岡東3丁目の一部・富岡東4〜6丁目・並木2〜3丁目・幸浦1〜2丁目・福浦1〜3丁目・八景島","https://www.city.yokohama.lg.jp/kenko-iryo-fukushi/fukushi-kaigo/koreisha-kaigo/otoiawase/chiikihoukatsu.files/0034_20260724.pdf","2026-08-23"
"神奈川県","横浜市金沢区","横浜市柳町地域ケアプラザ","2360026","神奈川県横浜市金沢区柳町1-4","045-787-3722","六浦南1丁目の一部・六浦東1〜3丁目の一部・六浦1〜2丁目・六浦4丁目の一部・大川7丁目の一部・柳町・瀬戸・野島町・乙舳町","https://www.city.yokohama.lg.jp/kenko-iryo-fukushi/fukushi-kaigo/koreisha-kaigo/otoiawase/chiikihoukatsu.files/0034_20260724.pdf","2026-08-23"
"神奈川県","横浜市金沢区","横浜市西柴地域ケアプラザ","2360012","神奈川県横浜市金沢区柴町343-5","045-780-1152","西柴1丁目の一部・2〜4丁目・金沢町の一部・柴町","https://www.city.yokohama.lg.jp/kenko-iryo-fukushi/fukushi-kaigo/koreisha-kaigo/otoiawase/chiikihoukatsu.files/0034_20260724.pdf","2026-08-23"
"神奈川県","横浜市港北区","新吉田地域ケアプラザ","2230056","神奈川県横浜市港北区新吉田町6001-6","045-592-2151","新吉田町・新吉田東1〜8丁目","https://www.city.yokohama.lg.jp/kenko-iryo-fukushi/fukushi-kaigo/koreisha-kaigo/otoiawase/chiikihoukatsu.files/0034_20260724.pdf","2026-08-23"
"神奈川県","横浜市港北区","横浜市篠原地域ケアプラザ","2220022","神奈川県横浜市港北区篠原東2-15-27","045-423-1270","篠原町の一部・篠原西町・篠原台町・篠原東1〜3丁目・仲手原1〜2丁目・菊名1〜2丁目・菊名3丁目の一部・富士塚1〜2丁目の一部","https://www.city.yokohama.lg.jp/kenko-iryo-fukushi/fukushi-kaigo/koreisha-kaigo/otoiawase/chiikihoukatsu.files/0034_20260724.pdf","2026-08-23"
"神奈川県","横浜市港北区","横浜市高田地域ケアプラザ","2230066","神奈川県横浜市港北区高田西2-14-6","045-594-3603","高田町・高田東1〜4丁目・高田西1〜5丁目","https://www.city.yokohama.lg.jp/kenko-iryo-fukushi/fukushi-kaigo/koreisha-kaigo/otoiawase/chiikihoukatsu.files/0034_20260724.pdf","2026-08-23"
"神奈川県","横浜市港北区","横浜市下田地域ケアプラザ","2230064","神奈川県横浜市港北区下田町4-1-1","045-563-9082","下田町1〜6丁目・日吉本町2丁目・5〜6丁目","https://www.city.yokohama.lg.jp/kenko-iryo-fukushi/fukushi-kaigo/koreisha-kaigo/otoiawase/chiikihoukatsu.files/0034_20260724.pdf","2026-08-23"
"神奈川県","横浜市港北区","横浜市大豆戸地域ケアプラザ","2220032","神奈川県横浜市港北区大豆戸町316-1","045-432-4913","大豆戸町・大倉山1〜7丁目・菊名4〜7丁目・菊名3丁目の一部・新横浜1〜3丁目・錦が丘・篠原北1〜2丁目・富士塚2丁目の一部・篠原町の一部","https://www.city.yokohama.lg.jp/kenko-iryo-fukushi/fukushi-kaigo/koreisha-kaigo/otoiawase/chiikihoukatsu.files/0034_20260724.pdf","2026-08-23"
"神奈川県","横浜市港北区","横浜市樽町地域ケアプラザ","2220001","神奈川県横浜市港北区樽町1-22-46","045-532-2502","綱島西1〜6丁目・綱島東1〜6丁目・綱島上町・綱島台・樽町1〜4丁目・大曽根1〜3丁目・大曽根台・師岡町","https://www.city.yokohama.lg.jp/kenko-iryo-fukushi/fukushi-kaigo/koreisha-kaigo/otoiawase/chiikihoukatsu.files/0034_20260724.pdf","2026-08-23"
"神奈川県","横浜市港北区","横浜市城郷小机地域ケアプラザ","2220036","神奈川県横浜市港北区小机町2484-4","045-478-1600","小机町・鳥山町・岸根町","https://www.city.yokohama.lg.jp/kenko-iryo-fukushi/fukushi-kaigo/koreisha-kaigo/otoiawase/chiikihoukatsu.files/0034_20260724.pdf","2026-08-23"
"神奈川県","横浜市港北区","横浜市日吉本町地域ケアプラザ","2230062","神奈川県横浜市港北区日吉本町4-10-A","045-566-0361","日吉本町1・3〜4丁目・箕輪町1〜3丁目・日吉1〜7丁目","https://www.city.yokohama.lg.jp/kenko-iryo-fukushi/fukushi-kaigo/koreisha-kaigo/otoiawase/chiikihoukatsu.files/0034_20260724.pdf","2026-08-23"
"神奈川県","横浜市港北区","横浜市新羽地域ケアプラザ","2230057","神奈川県横浜市港北区新羽町1240-1","045-542-7216","新羽町・北新横浜1〜2丁目","https://www.city.yokohama.lg.jp/kenko-iryo-fukushi/fukushi-kaigo/koreisha-kaigo/otoiawase/chiikihoukatsu.files/0034_20260724.pdf","2026-08-23"
"神奈川県","横浜市緑区","横浜市十日市場地域ケアプラザ","2260025","神奈川県横浜市緑区十日市場町825-1","045-985-9034","十日市場町・新治町・長津田みなみ台7丁目の一部","https://www.city.yokohama.lg.jp/kenko-iryo-fukushi/fukushi-kaigo/koreisha-kaigo/otoiawase/chiikihoukatsu.files/0034_20260724.pdf","2026-08-23"
"神奈川県","横浜市緑区","横浜市長津田地域ケアプラザ","2260027","神奈川県横浜市緑区長津田2-11-2","045-981-7763","長津田1〜7丁目・長津田町・いぶき野・長津田みなみ台1〜6丁目・長津田みなみ台7丁目の一部","https://www.city.yokohama.lg.jp/kenko-iryo-fukushi/fukushi-kaigo/koreisha-kaigo/otoiawase/chiikihoukatsu.files/0034_20260724.pdf","2026-08-23"
"神奈川県","横浜市緑区","横浜市中山地域ケアプラザ","2260019","神奈川県横浜市緑区中山2-1-1","045-935-5698","中山1〜6丁目・三保町・上山1〜3丁目・寺山町・森の台・台村町","https://www.city.yokohama.lg.jp/kenko-iryo-fukushi/fukushi-kaigo/koreisha-kaigo/otoiawase/chiikihoukatsu.files/0034_20260724.pdf","2026-08-23"
"神奈川県","横浜市緑区","横浜市東本郷地域ケアプラザ","2260002","神奈川県横浜市緑区東本郷5-5-6","045-471-0677","東本郷町・東本郷1〜6丁目","https://www.city.yokohama.lg.jp/kenko-iryo-fukushi/fukushi-kaigo/koreisha-kaigo/otoiawase/chiikihoukatsu.files/0034_20260724.pdf","2026-08-23"
"神奈川県","横浜市緑区","横浜市鴨居地域ケアプラザ","2260003","神奈川県横浜市緑区鴨居5-29-8","045-930-1121","白山1〜4丁目・竹山1〜4丁目・鴨居1〜7丁目・鴨居町","https://www.city.yokohama.lg.jp/kenko-iryo-fukushi/fukushi-kaigo/koreisha-kaigo/otoiawase/chiikihoukatsu.files/0034_20260724.pdf","2026-08-23"
"神奈川県","横浜市緑区","横浜市霧が丘地域ケアプラザ","2260016","神奈川県横浜市緑区霧が丘3-23","045-922-6633","霧が丘1〜6丁目","https://www.city.yokohama.lg.jp/kenko-iryo-fukushi/fukushi-kaigo/koreisha-kaigo/otoiawase/chiikihoukatsu.files/0034_20260724.pdf","2026-08-23"
"神奈川県","横浜市緑区","横浜市山下地域ケアプラザ","2260021","神奈川県横浜市緑区北八朔町218-13","045-931-1187","西八朔町・北八朔町・小山町・青砥町","https://www.city.yokohama.lg.jp/kenko-iryo-fukushi/fukushi-kaigo/koreisha-kaigo/otoiawase/chiikihoukatsu.files/0034_20260724.pdf","2026-08-23"
"神奈川県","横浜市青葉区","横浜市荏田地域ケアプラザ","2250013","神奈川県横浜市青葉区荏田町494-7","045-911-8005","あざみ野南1〜4丁目・荏田町・荏田北1〜3丁目","https://www.city.yokohama.lg.jp/kenko-iryo-fukushi/fukushi-kaigo/koreisha-kaigo/otoiawase/chiikihoukatsu.files/0034_20260724.pdf","2026-08-23"
"神奈川県","横浜市青葉区","横浜市もえぎ野地域ケアプラザ","2270044","神奈川県横浜市青葉区もえぎ野4-2","045-974-5403","もえぎ野・柿の木台・みたけ台・上谷本町・藤が丘1〜2丁目・梅が丘の一部・千草台・下谷本町","https://www.city.yokohama.lg.jp/kenko-iryo-fukushi/fukushi-kaigo/koreisha-kaigo/otoiawase/chiikihoukatsu.files/0034_20260724.pdf","2026-08-23"
"神奈川県","横浜市青葉区","奈良地域ケアプラザ","2270036","神奈川県横浜市青葉区奈良町1757-3","045-962-8429","すみよし台・奈良町・奈良1〜5丁目・緑山","https://www.city.yokohama.lg.jp/kenko-iryo-fukushi/fukushi-kaigo/koreisha-kaigo/otoiawase/chiikihoukatsu.files/0034_20260724.pdf","2026-08-23"
"神奈川県","横浜市青葉区","横浜市さつきが丘地域ケアプラザ","2270053","神奈川県横浜市青葉区さつきが丘12-1","045-972-4768","しらとり台・つつじが丘・さつきが丘・梅が丘の一部","https://www.city.yokohama.lg.jp/kenko-iryo-fukushi/fukushi-kaigo/koreisha-kaigo/otoiawase/chiikihoukatsu.files/0034_20260724.pdf","2026-08-23"
"神奈川県","横浜市青葉区","横浜市美しが丘地域ケアプラザ","2250002","神奈川県横浜市青葉区美しが丘4-32-7","045-901-6714","美しが丘4丁目・すすき野3丁目の一部・美しが丘西1〜3丁目・荏子田1〜3丁目の一部・元石川町の一部","https://www.city.yokohama.lg.jp/kenko-iryo-fukushi/fukushi-kaigo/koreisha-kaigo/otoiawase/chiikihoukatsu.files/0034_20260724.pdf","2026-08-23"
"神奈川県","横浜市青葉区","横浜市大場地域ケアプラザ","2250023","神奈川県横浜市青葉区大場町383-3","045-975-0206","大場町・みすずが丘・あざみ野1〜4丁目・荏子田1丁目の一部・荏子田3丁目の一部・元石川町の一部","https://www.city.yokohama.lg.jp/kenko-iryo-fukushi/fukushi-kaigo/koreisha-kaigo/otoiawase/chiikihoukatsu.files/0034_20260724.pdf","2026-08-23"
"神奈川県","横浜市青葉区","横浜市鴨志田地域ケアプラザ","2270033","神奈川県横浜市青葉区鴨志田町547-3","045-961-6912","鴨志田町・寺家町・成合町・たちばな台1〜2丁目","https://www.city.yokohama.lg.jp/kenko-iryo-fukushi/fukushi-kaigo/koreisha-kaigo/otoiawase/chiikihoukatsu.files/0034_20260724.pdf","2026-08-23"
"神奈川県","横浜市青葉区","ビオラ市ケ尾地域ケアプラザ","2250024","神奈川県横浜市青葉区市ケ尾町25-6","045-979-0241","荏田西1〜5丁目・市ケ尾町","https://www.city.yokohama.lg.jp/kenko-iryo-fukushi/fukushi-kaigo/koreisha-kaigo/otoiawase/chiikihoukatsu.files/0034_20260724.pdf","2026-08-23"
"神奈川県","横浜市青葉区","青葉台地域ケアプラザ","2270062","神奈川県横浜市青葉区青葉台2-8-22","045-988-0305","青葉台1〜2丁目・桜台・若草台・榎が丘","https://www.city.yokohama.lg.jp/kenko-iryo-fukushi/fukushi-kaigo/koreisha-kaigo/otoiawase/chiikihoukatsu.files/0034_20260724.pdf","2026-08-23"
"神奈川県","横浜市青葉区","横浜市恩田地域ケアプラザ","2270066","神奈川県横浜市青葉区あかね台2-8-4","045-985-2133","あかね台1〜2丁目・恩田町・桂台1〜2丁目・田奈町・松風台","https://www.city.yokohama.lg.jp/kenko-iryo-fukushi/fukushi-kaigo/koreisha-kaigo/otoiawase/chiikihoukatsu.files/0034_20260724.pdf","2026-08-23"
"神奈川県","横浜市青葉区","横浜市たまプラーザ地域ケアプラザ","2250003","神奈川県横浜市青葉区新石川2-1-15","045-910-5221","新石川1〜4丁目・美しが丘1〜3丁目・5丁目","https://www.city.yokohama.lg.jp/kenko-iryo-fukushi/fukushi-kaigo/koreisha-kaigo/otoiawase/chiikihoukatsu.files/0034_20260724.pdf","2026-08-23"
"神奈川県","横浜市青葉区","横浜市すすき野地域ケアプラザ","2250021","神奈川県横浜市青葉区すすき野1-8-21","045-901-5710","すすき野1〜2丁目・すすき野3丁目の一部・もみの木台・鉄町・黒須田・荏子田3丁目の一部","https://www.city.yokohama.lg.jp/kenko-iryo-fukushi/fukushi-kaigo/koreisha-kaigo/otoiawase/chiikihoukatsu.files/0034_20260724.pdf","2026-08-23"
"神奈川県","横浜市都筑区","横浜市葛が谷地域ケアプラザ","2240062","神奈川県横浜市都筑区葛が谷16-3","045-943-5951","荏田東町・荏田東1〜4丁目・荏田南町・荏田南1〜5丁目・大丸・葛が谷・高山・見花山・富士見が丘","https://www.city.yokohama.lg.jp/kenko-iryo-fukushi/fukushi-kaigo/koreisha-kaigo/otoiawase/chiikihoukatsu.files/0034_20260724.pdf","2026-08-23"
"神奈川県","横浜市都筑区","東山田地域ケアプラザ","2240024","神奈川県横浜市都筑区東山田町270","045-590-3788","東山田1〜4丁目・東山田町・北山田1〜7丁目・すみれが丘・南山田1〜3丁目・南山田町","https://www.city.yokohama.lg.jp/kenko-iryo-fukushi/fukushi-kaigo/koreisha-kaigo/otoiawase/chiikihoukatsu.files/0034_20260724.pdf","2026-08-23"
"神奈川県","横浜市都筑区","横浜市加賀原地域ケアプラザ","2240055","神奈川県横浜市都筑区加賀原1-22-32","045-944-4641","池辺町・佐江戸町・川和町・加賀原1〜2丁目・二の丸・川和台","https://www.city.yokohama.lg.jp/kenko-iryo-fukushi/fukushi-kaigo/koreisha-kaigo/otoiawase/chiikihoukatsu.files/0034_20260724.pdf","2026-08-23"
"神奈川県","横浜市都筑区","横浜市新栄地域ケアプラザ","2240035","神奈川県横浜市都筑区新栄町19-19","045-592-5265","勝田町・新栄町・勝田南1〜2丁目・早渕1〜3丁目・茅ケ崎町・茅ケ崎中央・茅ケ崎東1〜5丁目・茅ケ崎南1〜5丁目","https://www.city.yokohama.lg.jp/kenko-iryo-fukushi/fukushi-kaigo/koreisha-kaigo/otoiawase/chiikihoukatsu.files/0034_20260724.pdf","2026-08-23"
"神奈川県","横浜市都筑区","横浜市中川地域ケアプラザ","2240001","神奈川県横浜市都筑区中川1-1-1","045-910-1512","大棚町・中川1〜8丁目・牛久保町・牛久保1〜3丁目・牛久保西1〜4丁目・牛久保東1〜3丁目・中川中央1〜2丁目・大棚西・あゆみが丘","https://www.city.yokohama.lg.jp/kenko-iryo-fukushi/fukushi-kaigo/koreisha-kaigo/otoiawase/chiikihoukatsu.files/0034_20260724.pdf","2026-08-23"
"神奈川県","横浜市都筑区","横浜市都田地域ケアプラザ","2240045","神奈川県横浜市都筑区東方町655-4","045-943-1130","桜並木・川向町・東方町・折本町・大熊町・平台・仲町台1〜5丁目・長坂","https://www.city.yokohama.lg.jp/kenko-iryo-fukushi/fukushi-kaigo/koreisha-kaigo/otoiawase/chiikihoukatsu.files/0034_20260724.pdf","2026-08-23"
"神奈川県","横浜市戸塚区","横浜市上矢部地域ケアプラザ","2450053","神奈川県横浜市戸塚区上矢部町2342","045-814-2494","鳥が丘・上矢部町・矢部町の一部・戸塚町の一部","https://www.city.yokohama.lg.jp/kenko-iryo-fukushi/fukushi-kaigo/koreisha-kaigo/otoiawase/chiikihoukatsu.files/0034_20260724.pdf","2026-08-23"
"神奈川県","横浜市戸塚区","横浜市東戸塚地域ケアプラザ","2440805","神奈川県横浜市戸塚区川上町4-4","045-826-0927","秋葉町・川上町・品濃町・上品濃・前田町","https://www.city.yokohama.lg.jp/kenko-iryo-fukushi/fukushi-kaigo/koreisha-kaigo/otoiawase/chiikihoukatsu.files/0034_20260724.pdf","2026-08-23"
"神奈川県","横浜市戸塚区","横浜市上倉田地域ケアプラザ","2440816","神奈川県横浜市戸塚区上倉田町259-11","045-865-5701","上倉田町・吉田町・矢部町の一部・舞岡町の一部・戸塚町の一部","https://www.city.yokohama.lg.jp/kenko-iryo-fukushi/fukushi-kaigo/koreisha-kaigo/otoiawase/chiikihoukatsu.files/0034_20260724.pdf","2026-08-23"
"神奈川県","横浜市戸塚区","汲沢地域ケアプラザ","2450062","神奈川県横浜市戸塚区汲沢町986","045-861-5463","汲沢1〜8丁目・矢部町の一部・汲沢町の一部・戸塚町の一部","https://www.city.yokohama.lg.jp/kenko-iryo-fukushi/fukushi-kaigo/koreisha-kaigo/otoiawase/chiikihoukatsu.files/0034_20260724.pdf","2026-08-23"
"神奈川県","横浜市戸塚区","横浜市平戸地域ケアプラザ","2440802","神奈川県横浜市戸塚区平戸2-33-57","045-825-3467","平戸1〜5丁目・平戸町","https://www.city.yokohama.lg.jp/kenko-iryo-fukushi/fukushi-kaigo/koreisha-kaigo/otoiawase/chiikihoukatsu.files/0034_20260724.pdf","2026-08-23"
"神奈川県","横浜市戸塚区","横浜市原宿地域ケアプラザ","2450063","神奈川県横浜市戸塚区原宿4-36-1","045-854-2293","原宿1〜5丁目の一部・小雀町・影取町・東俣野町・深谷町の一部・汲沢町の一部","https://www.city.yokohama.lg.jp/kenko-iryo-fukushi/fukushi-kaigo/koreisha-kaigo/otoiawase/chiikihoukatsu.files/0034_20260724.pdf","2026-08-23"
"神奈川県","横浜市戸塚区","横浜市舞岡柏尾地域ケアプラザ","2440813","神奈川県横浜市戸塚区舞岡町3705-10","045-827-0372","上柏尾町・柏尾町・舞岡町の一部・南舞岡1〜4丁目","https://www.city.yokohama.lg.jp/kenko-iryo-fukushi/fukushi-kaigo/koreisha-kaigo/otoiawase/chiikihoukatsu.files/0034_20260724.pdf","2026-08-23"
"神奈川県","横浜市戸塚区","横浜市南戸塚地域ケアプラザ","2440003","神奈川県横浜市戸塚区戸塚町2626-13","045-865-5962","戸塚町の一部","https://www.city.yokohama.lg.jp/kenko-iryo-fukushi/fukushi-kaigo/koreisha-kaigo/otoiawase/chiikihoukatsu.files/0034_20260724.pdf","2026-08-23"
"神奈川県","横浜市戸塚区","横浜市下倉田地域ケアプラザ","2440815","神奈川県横浜市戸塚区下倉田町1951-8","045-866-2063","下倉田町","https://www.city.yokohama.lg.jp/kenko-iryo-fukushi/fukushi-kaigo/koreisha-kaigo/otoiawase/chiikihoukatsu.files/0034_20260724.pdf","2026-08-23"
"神奈川県","横浜市戸塚区","横浜市名瀬地域ケアプラザ","2450051","神奈川県横浜市戸塚区名瀬町791-14","045-815-2012","名瀬町","https://www.city.yokohama.lg.jp/kenko-iryo-fukushi/fukushi-kaigo/koreisha-kaigo/otoiawase/chiikihoukatsu.files/0034_20260724.pdf","2026-08-23"
"神奈川県","横浜市戸塚区","横浜市深谷俣野地域ケアプラザ","2450067","神奈川県横浜市戸塚区深谷町1432番地11","045-851-0551","深谷町の一部・俣野町・原宿4丁目の一部","https://www.city.yokohama.lg.jp/kenko-iryo-fukushi/fukushi-kaigo/koreisha-kaigo/otoiawase/chiikihoukatsu.files/0034_20260724.pdf","2026-08-23"
"神奈川県","横浜市栄区","横浜市豊田地域ケアプラザ","2440842","神奈川県横浜市栄区飯島町1368-10","045-864-5236","飯島町・長沼町・金井町・本郷台1〜5丁目","https://www.city.yokohama.lg.jp/kenko-iryo-fukushi/fukushi-kaigo/koreisha-kaigo/otoiawase/chiikihoukatsu.files/0034_20260724.pdf","2026-08-23"
"神奈川県","横浜市栄区","横浜市中野地域ケアプラザ","2470015","神奈川県横浜市栄区中野町400-2","045-896-0712","鍛冶ケ谷1〜2丁目・鍛冶ケ谷町の一部・元大橋1〜2丁目・中野町・若竹町・東上郷町・上郷町の一部・亀井町・尾月","https://www.city.yokohama.lg.jp/kenko-iryo-fukushi/fukushi-kaigo/koreisha-kaigo/otoiawase/chiikihoukatsu.files/0034_20260724.pdf","2026-08-23"
"神奈川県","横浜市栄区","横浜市桂台地域ケアプラザ","2470034","神奈川県横浜市栄区桂台中4-5","045-897-1112","公田町の一部・桂台北・桂台中・桂台西1〜2丁目・桂台東・桂台南1〜2丁目","https://www.city.yokohama.lg.jp/kenko-iryo-fukushi/fukushi-kaigo/koreisha-kaigo/otoiawase/chiikihoukatsu.files/0034_20260724.pdf","2026-08-23"
"神奈川県","横浜市栄区","横浜市小菅ケ谷地域ケアプラザ","2470007","神奈川県横浜市栄区小菅ケ谷3-32-12","045-896-0473","小菅ケ谷1丁目の一部・小菅ケ谷2丁目の一部・小菅ケ谷3〜4丁目・小山台1〜2丁目・柏陽・鍛冶ケ谷町の一部・小菅ケ谷町の一部","https://www.city.yokohama.lg.jp/kenko-iryo-fukushi/fukushi-kaigo/koreisha-kaigo/otoiawase/chiikihoukatsu.files/0034_20260724.pdf","2026-08-23"
"神奈川県","横浜市栄区","横浜市笠間地域ケアプラザ","2470006","神奈川県横浜市栄区笠間1-1-1","045-890-0862","笠間1〜5丁目・笠間町・長尾台町・田谷町","https://www.city.yokohama.lg.jp/kenko-iryo-fukushi/fukushi-kaigo/koreisha-kaigo/otoiawase/chiikihoukatsu.files/0034_20260724.pdf","2026-08-23"
"神奈川県","横浜市栄区","横浜市野七里地域ケアプラザ","2470024","神奈川県横浜市栄区野七里1-2-31","045-890-5333","庄戸1〜5丁目・長倉町・野七里1〜2丁目・上郷町の一部・上之町・犬山町","https://www.city.yokohama.lg.jp/kenko-iryo-fukushi/fukushi-kaigo/koreisha-kaigo/otoiawase/chiikihoukatsu.files/0034_20260724.pdf","2026-08-23"
"神奈川県","横浜市栄区","横浜市本郷台駅前地域ケアプラザ","2470007","神奈川県横浜市栄区小菅ケ谷1-5-4","045-893-0070","桂町・公田町の一部・小菅ケ谷1丁目の一部・小菅ケ谷2丁目の一部・小菅ケ谷町の一部","https://www.city.yokohama.lg.jp/kenko-iryo-fukushi/fukushi-kaigo/koreisha-kaigo/otoiawase/chiikihoukatsu.files/0034_20260724.pdf","2026-08-23"
"神奈川県","横浜市泉区","横浜市上飯田地域ケアプラザ","2450018","神奈川県横浜市泉区上飯田町1338-1","045-802-8556","上飯田町","https://www.city.yokohama.lg.jp/kenko-iryo-fukushi/fukushi-kaigo/koreisha-kaigo/otoiawase/chiikihoukatsu.files/0034_20260724.pdf","2026-08-23"
"神奈川県","横浜市泉区","横浜市下和泉地域ケアプラザ","2450022","神奈川県横浜市泉区和泉が丘1-26-1","045-802-9926","和泉町の一部・下飯田町・ゆめが丘の一部・下和泉1〜5丁目・和泉が丘1〜2丁目・和泉が丘3丁目の一部・和泉中央南1丁目・和泉中央南2丁目の一部","https://www.city.yokohama.lg.jp/kenko-iryo-fukushi/fukushi-kaigo/koreisha-kaigo/otoiawase/chiikihoukatsu.files/0034_20260724.pdf","2026-08-23"
"神奈川県","横浜市泉区","横浜市踊場地域ケアプラザ","2450013","神奈川県横浜市泉区中田東1-4-6","045-801-2922","中田町・白百合1〜3丁目・中田東1〜4丁目・中田北1〜3丁目・中田西1〜4丁目・中田南1〜5丁目","https://www.city.yokohama.lg.jp/kenko-iryo-fukushi/fukushi-kaigo/koreisha-kaigo/otoiawase/chiikihoukatsu.files/0034_20260724.pdf","2026-08-23"
"神奈川県","横浜市泉区","横浜市いずみ中央地域ケアプラザ","2450024","神奈川県横浜市泉区和泉中央北5-14-1","045-805-1792","和泉町の一部・ゆめが丘の一部・和泉が丘3丁目の一部・和泉中央南2丁目の一部・和泉中央南3〜5丁目・和泉中央北1〜6丁目","https://www.city.yokohama.lg.jp/kenko-iryo-fukushi/fukushi-kaigo/koreisha-kaigo/otoiawase/chiikihoukatsu.files/0034_20260724.pdf","2026-08-23"
"神奈川県","横浜市泉区","横浜市新橋地域ケアプラザ","2450009","神奈川県横浜市泉区新橋町33-1","045-810-3261","岡津町の一部・新橋町・弥生台の一部・池の谷・緑園1〜7丁目","https://www.city.yokohama.lg.jp/kenko-iryo-fukushi/fukushi-kaigo/koreisha-kaigo/otoiawase/chiikihoukatsu.files/0034_20260724.pdf","2026-08-23"
"神奈川県","横浜市泉区","横浜市いずみ野地域ケアプラザ","2450016","神奈川県横浜市泉区和泉町6214-1","045-804-2732","弥生台の一部・和泉町の一部","https://www.city.yokohama.lg.jp/kenko-iryo-fukushi/fukushi-kaigo/koreisha-kaigo/otoiawase/chiikihoukatsu.files/0034_20260724.pdf","2026-08-23"
"神奈川県","横浜市泉区","横浜市岡津地域ケアプラザ","2450003","神奈川県横浜市泉区岡津町1228-3","045-812-0801","岡津町の一部・西が岡1〜3丁目・領家1〜4丁目・桂坂","https://www.city.yokohama.lg.jp/kenko-iryo-fukushi/fukushi-kaigo/koreisha-kaigo/otoiawase/chiikihoukatsu.files/0034_20260724.pdf","2026-08-23"
"神奈川県","横浜市瀬谷区","横浜市二ツ橋地域ケアプラザ","2460021","神奈川県横浜市瀬谷区二ツ橋町83-4","045-361-9812","三ツ境・二ツ橋町の一部・宮沢1〜4丁目","https://www.city.yokohama.lg.jp/kenko-iryo-fukushi/fukushi-kaigo/koreisha-kaigo/otoiawase/chiikihoukatsu.files/0034_20260724.pdf","2026-08-23"
"神奈川県","横浜市瀬谷区","横浜市阿久和地域ケアプラザ","2460026","神奈川県横浜市瀬谷区阿久和南2-9-2","045-365-9906","阿久和東1〜4丁目・阿久和西1〜4丁目・阿久和南1〜4丁目","https://www.city.yokohama.lg.jp/kenko-iryo-fukushi/fukushi-kaigo/koreisha-kaigo/otoiawase/chiikihoukatsu.files/0034_20260724.pdf","2026-08-23"
"神奈川県","横浜市瀬谷区","横浜市中屋敷地域ケアプラザ","2460004","神奈川県横浜市瀬谷区中屋敷2-18-6","045-303-8899","中屋敷1〜3丁目・本郷1〜4丁目・竹村町・上瀬谷町・目黒町・五貫目町・北町・卸本町・瀬谷町・中央・瀬谷4丁目","https://www.city.yokohama.lg.jp/kenko-iryo-fukushi/fukushi-kaigo/koreisha-kaigo/otoiawase/chiikihoukatsu.files/0034_20260724.pdf","2026-08-23"
"神奈川県","横浜市瀬谷区","横浜市下瀬谷地域ケアプラザ","2460035","神奈川県横浜市瀬谷区下瀬谷2-44-6","045-304-1271","瀬谷5〜6丁目・南瀬谷1〜2丁目・南台1〜2丁目・下瀬谷1〜3丁目・橋戸1〜3丁目・北新","https://www.city.yokohama.lg.jp/kenko-iryo-fukushi/fukushi-kaigo/koreisha-kaigo/otoiawase/chiikihoukatsu.files/0034_20260724.pdf","2026-08-23"
"神奈川県","横浜市瀬谷区","横浜市二ツ橋第二地域ケアプラザ","2460021","神奈川県横浜市瀬谷区二ツ橋町469","045-392-0311","二ツ橋町の一部・東野・東野台・相沢1〜7丁目・瀬谷1〜3丁目","https://www.city.yokohama.lg.jp/kenko-iryo-fukushi/fukushi-kaigo/koreisha-kaigo/otoiawase/chiikihoukatsu.files/0034_20260724.pdf","2026-08-23"
"神奈川県","川崎市川崎区","恒春園地域包括支援センター","2100023","神奈川県川崎市川崎区小川町10-10","044-211-6313","小川町・池田・貝塚・京町1・2丁目・下並木・堤根・日進町・南町・元木","https://www.kawasaki-chikea.jp/wp-content/uploads/2025/10/R710_01kawasaki.pdf","2026-08-23"
"神奈川県","川崎市川崎区","ビオラ川崎地域包括支援センター","2100843","神奈川県川崎市川崎区小田栄2-1-7","044-329-1680","小田栄・小田1丁目・渡田山王町・渡田新町・渡田東町・渡田・渡田向町","https://www.kawasaki-chikea.jp/wp-content/uploads/2025/10/R710_01kawasaki.pdf","2026-08-23"
"神奈川県","川崎市川崎区","京町地域包括支援センター","2100848","神奈川県川崎市川崎区京町2-15-6 神和ビル3階","044-333-7920","大川町・小田2〜7丁目・浅田・京町3丁目・田辺新田・白石町","https://www.kawasaki-chikea.jp/wp-content/uploads/2025/10/R710_01kawasaki.pdf","2026-08-23"
"神奈川県","川崎市川崎区","しおん地域包括支援センター","2100001","神奈川県川崎市川崎区本町1-1-1","044-222-7792","本町・旭町・砂子・駅前本町・榎町・境町・新川通・鈴木町・東田町・堀之内町・港町・宮前町・宮本町・富士見1丁目","https://www.kawasaki-chikea.jp/wp-content/uploads/2025/10/R710_01kawasaki.pdf","2026-08-23"
"神奈川県","川崎市川崎区","大島中島地域包括支援センター","2100806","神奈川県川崎市川崎区中島2-3-2-101","044-201-8831","富士見2丁目・中島・大島・大島上町","https://www.kawasaki-chikea.jp/wp-content/uploads/2025/10/R710_01kawasaki.pdf","2026-08-23"
"神奈川県","川崎市川崎区","桜寿園地域包括支援センター","2100833","神奈川県川崎市川崎区桜本2-39-4","044-287-2558","浅野町・池上町・追分町・扇町・扇島・鋼管通・桜本・田島町・浜町・南渡田町","https://www.kawasaki-chikea.jp/wp-content/uploads/2025/10/R710_01kawasaki.pdf","2026-08-23"
"神奈川県","川崎市川崎区","藤崎地域包括支援センター","2100804","神奈川県川崎市川崎区藤崎4-20-1 矢口ビル1階","044-270-3215","川中島・藤崎・伊勢町・大師駅前","https://www.kawasaki-chikea.jp/wp-content/uploads/2025/10/R710_01kawasaki.pdf","2026-08-23"
"神奈川県","川崎市川崎区","大師中央地域包括支援センター","2100802","神奈川県川崎市川崎区大師駅前1-1-5 川崎大師パークホームズ104","044-270-5112","台町・大師公園・中瀬・四谷下町・四谷上町・観音・池上新町","https://www.kawasaki-chikea.jp/wp-content/uploads/2025/10/R710_01kawasaki.pdf","2026-08-23"
"神奈川県","川崎市川崎区","大師の里地域包括支援センター","2100824","神奈川県川崎市川崎区日ノ出2-7-1","044-266-9130","浮島町・江川・小島町・塩浜・大師河原・田町・千鳥町・出来野・殿町・東扇島・日ノ出・水江町・夜光・東門前・昭和・大師町・大師本町","https://www.kawasaki-chikea.jp/wp-content/uploads/2025/10/R710_01kawasaki.pdf","2026-08-23"
"神奈川県","川崎市幸区","夢見ケ崎地域包括支援センター","2120055","神奈川県川崎市幸区南加瀬1-7-14","044-580-4765","小倉(小倉1-1以外)・南加瀬","https://www.kawasaki-chikea.jp/wp-content/uploads/2025/10/R710_02saiwai.pdf","2026-08-23"
"神奈川県","川崎市幸区","かしまだ地域包括支援センター","2120027","神奈川県川崎市幸区新塚越201 ルリエ新川崎6階","044-540-3222","古川町・新塚越・下平間・矢上・北加瀬・鹿島田","https://www.kawasaki-chikea.jp/wp-content/uploads/2025/10/R710_02saiwai.pdf","2026-08-23"
"神奈川県","川崎市幸区","しゃんぐりら地域包括支援センター","2120033","神奈川県川崎市幸区東小倉6-1","044-520-3863","遠藤町・戸手本町・塚越・紺屋町・新小倉・新川崎・東小倉・小倉1-1","https://www.kawasaki-chikea.jp/wp-content/uploads/2025/10/R710_02saiwai.pdf","2026-08-23"
"神奈川県","川崎市幸区","みんなと暮らす町地域包括支援センター","2120051","神奈川県川崎市幸区東古市場116-12","044-520-1905","小向・小向東芝町・小向仲野町・小向町・小向西町・東古市場・古市場・古市場1・2丁目","https://www.kawasaki-chikea.jp/wp-content/uploads/2025/10/R710_02saiwai.pdf","2026-08-23"
"神奈川県","川崎市幸区","さいわい東地域包括支援センター","2120005","神奈川県川崎市幸区戸手4-1-9","044-555-1411","戸手・河原町","https://www.kawasaki-chikea.jp/wp-content/uploads/2025/10/R710_02saiwai.pdf","2026-08-23"
"神奈川県","川崎市幸区","幸風苑地域包括支援センター","2120021","神奈川県川崎市幸区都町64-1","044-556-4355","幸町・中幸町・堀川町・大宮町・柳町・南幸町・都町・神明町","https://www.kawasaki-chikea.jp/wp-content/uploads/2025/10/R710_02saiwai.pdf","2026-08-23"
"神奈川県","川崎市中原区","地域包括支援センターこだなか","2110053","神奈川県川崎市中原区上小田中3-21-20-101","044-798-2332","上小田中・上新城・新城・新城中町・下新城","https://www.kawasaki-chikea.jp/wp-content/uploads/2025/10/R710_03nakahara.pdf","2026-08-23"
"神奈川県","川崎市中原区","いだ地域包括支援センター","2110035","神奈川県川崎市中原区井田2-27-1","044-751-6661","井田中ノ町・井田・井田杉山町・下小田中","https://www.kawasaki-chikea.jp/wp-content/uploads/2025/10/R710_03nakahara.pdf","2026-08-23"
"神奈川県","川崎市中原区","みやうち地域包括支援センター","2110051","神奈川県川崎市中原区宮内1-25-1","044-740-2814","上丸子八幡町・新丸子町・丸子通・上丸子天神町・宮内・等々力・小杉陣屋町・小杉御殿町","https://www.kawasaki-chikea.jp/wp-content/uploads/2025/10/R710_03nakahara.pdf","2026-08-23"
"神奈川県","川崎市中原区","とどろき地域包括支援センター","2110064","神奈川県川崎市中原区今井南町8-5 アイテック武蔵小杉101","044-281-3666","新丸子東・市ノ坪・小杉町・今井南町・今井仲町・今井西町・今井上町","https://www.kawasaki-chikea.jp/wp-content/uploads/2025/10/R710_03nakahara.pdf","2026-08-23"
"神奈川県","川崎市中原区","すみよし地域包括支援センター","2110033","神奈川県川崎市中原区木月祗園町2-1","044-455-0980","木月住吉町・苅宿・大倉町・西加瀬・木月・木月大町・木月伊勢町・木月祗園町・井田三舞町","https://www.kawasaki-chikea.jp/wp-content/uploads/2025/10/R710_03nakahara.pdf","2026-08-23"
"神奈川県","川崎市中原区","ひらまの里地域包括支援センター","2110013","神奈川県川崎市中原区上平間611-1","044-544-4012","上丸子山王町・上丸子・下沼部・中丸子・上平間・田尻町・北谷町","https://www.kawasaki-chikea.jp/wp-content/uploads/2025/10/R710_03nakahara.pdf","2026-08-23"
"神奈川県","川崎市高津区","リ・ケア向ヶ丘地域包括支援センター","2130035","神奈川県川崎市高津区向ヶ丘130-9","044-865-6238","梶ヶ谷・上作延・向ヶ丘","https://www.kawasaki-chikea.jp/wp-content/uploads/2025/10/R710_04takatsu.pdf","2026-08-23"
"神奈川県","川崎市高津区","樹の丘地域包括支援センター","2130032","神奈川県川崎市高津区久地4-19-8 3階","044-820-8401","宇奈根・久地・下作延","https://www.kawasaki-chikea.jp/wp-content/uploads/2025/10/R710_04takatsu.pdf","2026-08-23"
"神奈川県","川崎市高津区","溝口地域包括支援センター","2130001","神奈川県川崎市高津区溝口1-6-10 てくのかわさき3階","044-820-1133","溝口・久本・坂戸","https://www.kawasaki-chikea.jp/wp-content/uploads/2025/10/R710_04takatsu.pdf","2026-08-23"
"神奈川県","川崎市高津区","陽だまりの園地域包括支援センター","2130004","神奈川県川崎市高津区諏訪2-10-15","044-814-5637","二子・瀬田・諏訪・北見方・下野毛","https://www.kawasaki-chikea.jp/wp-content/uploads/2025/10/R710_04takatsu.pdf","2026-08-23"
"神奈川県","川崎市高津区","すえなが地域包括支援センター","2130013","神奈川県川崎市高津区末長1-3-13","044-861-5320","末長・新作","https://www.kawasaki-chikea.jp/wp-content/uploads/2025/10/R710_04takatsu.pdf","2026-08-23"
"神奈川県","川崎市高津区","ひさすえ地域包括支援センター","2130026","神奈川県川崎市高津区久末410 エムアール久末1階","044-797-6531","蟹ヶ谷・久末・東野川・北野川","https://www.kawasaki-chikea.jp/wp-content/uploads/2025/10/R710_04takatsu.pdf","2026-08-23"
"神奈川県","川崎市高津区","わらく地域包括支援センター","2130022","神奈川県川崎市高津区千年141","044-799-7951","千年新町・千年・子母口・明津","https://www.kawasaki-chikea.jp/wp-content/uploads/2025/10/R710_04takatsu.pdf","2026-08-23"
"神奈川県","川崎市多摩区","地域包括支援センター菅の里","2140008","神奈川県川崎市多摩区菅北浦3-10-20","044-946-5514","菅・菅野戸呂・菅稲田堤・菅馬場1・2丁目・菅城下・菅北浦","https://www.kawasaki-chikea.jp/wp-content/uploads/2025/10/R710_06tama.pdf","2026-08-23"
"神奈川県","川崎市多摩区","よみうりランド花ハウス地域包括支援センター","2140006","神奈川県川崎市多摩区菅仙谷4-1-4","044-969-3116","菅馬場3・4丁目・寺尾台・菅仙谷・枡形1〜4丁目・生田4〜8丁目","https://www.kawasaki-chikea.jp/wp-content/uploads/2025/10/R710_06tama.pdf","2026-08-23"
"神奈川県","川崎市多摩区","太陽の園地域包括支援センター","2140039","神奈川県川崎市多摩区栗谷2-16-6","044-959-1234","栗谷・西生田・南生田","https://www.kawasaki-chikea.jp/wp-content/uploads/2025/10/R710_06tama.pdf","2026-08-23"
"神奈川県","川崎市多摩区","多摩川の里地域包括支援センター","2140012","神奈川県川崎市多摩区中野島6-13-5","044-935-5531","和泉・布田・中野島・生田1〜3丁目","https://www.kawasaki-chikea.jp/wp-content/uploads/2025/10/R710_06tama.pdf","2026-08-23"
"神奈川県","川崎市多摩区","長沢壮寿の里地域包括支援センター","2140035","神奈川県川崎市多摩区長沢2-11-1","044-935-0086","東生田・枡形5〜7丁目・長沢・東三田・三田","https://www.kawasaki-chikea.jp/wp-content/uploads/2025/10/R710_06tama.pdf","2026-08-23"
"神奈川県","川崎市多摩区","しゅくがわら地域包括支援センター","2140021","神奈川県川崎市多摩区宿河原6-20-19","044-930-5151","宿河原3〜7丁目・堰・長尾3〜7丁目","https://www.kawasaki-chikea.jp/wp-content/uploads/2025/10/R710_06tama.pdf","2026-08-23"
"神奈川県","川崎市多摩区","登戸地域包括支援センター","2140014","神奈川県川崎市多摩区登戸1891 第3井出ビル3階","044-933-7055","登戸新町・登戸・宿河原1・2丁目・長尾1・2丁目","https://www.kawasaki-chikea.jp/wp-content/uploads/2025/10/R710_06tama.pdf","2026-08-23"
"神奈川県","川崎市麻生区","栗木台地域包括支援センター","2150031","神奈川県川崎市麻生区栗平2-1-6 小田急マルシェ栗平1階","044-987-6505","細山・金程・向原・栗平2丁目・栗木台・栗木・南黒川・黒川・はるひ野","https://www.kawasaki-chikea.jp/wp-content/uploads/2025/10/R710_07asao.pdf","2026-08-23"
"神奈川県","川崎市麻生区","片平地域包括支援センター","2150025","神奈川県川崎市麻生区五力田3-18-6","044-986-4986","片平・白鳥・五力田・古沢・岡上・栗平1丁目","https://www.kawasaki-chikea.jp/wp-content/uploads/2025/10/R710_07asao.pdf","2026-08-23"
"神奈川県","川崎市麻生区","高石地域包括支援センター","2150005","神奈川県川崎市麻生区千代ケ丘1-2-9","044-959-6020","多摩美・高石1〜3丁目・万福寺・千代ケ丘","https://www.kawasaki-chikea.jp/wp-content/uploads/2025/10/R710_07asao.pdf","2026-08-23"
"神奈川県","川崎市麻生区","百合丘地域包括支援センター","2150012","神奈川県川崎市麻生区東百合丘3-17-4 るーむら麻生2階","044-959-6522","高石4〜6丁目・東百合丘・百合丘","https://www.kawasaki-chikea.jp/wp-content/uploads/2025/10/R710_07asao.pdf","2026-08-23"
"神奈川県","川崎市麻生区","新百合地域包括支援センター","2150021","神奈川県川崎市麻生区上麻生3-14-20 つくしの里内","044-969-3388","王禅寺西1〜4丁目・王禅寺東1・2丁目・上麻生1〜4丁目","https://www.kawasaki-chikea.jp/wp-content/uploads/2025/10/R710_07asao.pdf","2026-08-23"
"神奈川県","川崎市麻生区","地域包括支援センター虹の里","2150013","神奈川県川崎市麻生区王禅寺963-26","044-986-4088","王禅寺・虹ヶ丘・早野・王禅寺東3〜6丁目・下麻生2・3丁目・下麻生","https://www.kawasaki-chikea.jp/wp-content/uploads/2025/10/R710_07asao.pdf","2026-08-23"
"神奈川県","川崎市麻生区","柿生アルナ園地域包括支援センター","2150021","神奈川県川崎市麻生区上麻生5-19-10","044-989-5403","白山・王禅寺西5〜8丁目・上麻生5〜7丁目・下麻生1丁目","https://www.kawasaki-chikea.jp/wp-content/uploads/2025/10/R710_07asao.pdf","2026-08-23"
"東京都","千代田区","高齢者あんしんセンター麹町（麹町地域包括支援センター）","1020082","東京都千代田区一番町12 いきいきプラザ一番町1階","03-3265-6141","丸の内一～三丁目・大手町一～二丁目・内幸町一～二丁目・有楽町一～二丁目・霞が関一～三丁目・永田町一～二丁目・隼町・平河町一～二丁目・麹町一～六丁目・紀尾井町・一番町・二番町・三番町・四番町・五番町・六番町・皇居外苑・日比谷公園・千代田・北の丸公園・一ツ橋一丁目・九段南一～四丁目・九段北一～四丁目・富士見一～二丁目・飯田橋一～四丁目","https://www.city.chiyoda.lg.jp/koho/kurashi/hoken/riyosha/kojimachi.html","2026-08-23"
"東京都","千代田区","高齢者あんしんセンター神田（神田地域包括支援センター）","1010063","東京都千代田区神田淡路町2-8-1 かんだ連雀1階","03-5297-2255","一ツ橋二丁目・神田神保町一～三丁目・神田三崎町一～三丁目・西神田一～三丁目・神田猿楽町一～二丁目・神田駿河台一～四丁目・神田錦町一～三丁目・神田小川町一～三丁目・神田美土代町・内神田一～三丁目・神田司町二丁目・神田多町二丁目・神田鍛冶町三丁目・神田淡路町一～二丁目・神田須田町一～二丁目・外神田一～六丁目・鍛冶町一～二丁目・神田紺屋町・神田北乗物町・神田富山町・神田美倉町・岩本町一～三丁目・神田西福田町・神田東松下町・神田東紺屋町・神田岩本町・東神田一～三丁目・神田和泉町・神田佐久間町一～四丁目・神田平河町・神田松永町・神田花岡町・神田佐久間河岸・神田練塀町・神田相生町","https://www.city.chiyoda.lg.jp/koho/kurashi/hoken/riyosha/kanda.html","2026-08-23"
"東京都","世田谷区","池尻あんしんすこやかセンター","1540001","東京都世田谷区池尻3-27-21","03-5433-2512","池尻1〜3丁目・池尻4丁目（1〜32番）・三宿","https://www.city.setagaya.lg.jp/02087/2430.html","2026-08-23"
"東京都","世田谷区","太子堂あんしんすこやかセンター","1540004","東京都世田谷区太子堂2-17-1 2階","03-5486-9726","太子堂・三軒茶屋1丁目","https://www.city.setagaya.lg.jp/02087/2431.html","2026-08-23"
"東京都","世田谷区","若林あんしんすこやかセンター","1540023","東京都世田谷区若林1-34-2","03-5431-3527","若林・三軒茶屋2丁目","https://www.city.setagaya.lg.jp/02087/2432.html","2026-08-23"
"東京都","世田谷区","上町あんしんすこやかセンター","1540017","東京都世田谷区世田谷1-23-5 2階","03-5450-3481","世田谷・桜・弦巻","https://www.city.setagaya.lg.jp/02087/2433.html","2026-08-23"
"東京都","世田谷区","経堂あんしんすこやかセンター","1560051","東京都世田谷区宮坂1-44-29","03-5451-5580","宮坂・桜丘・経堂","https://www.city.setagaya.lg.jp/02087/2434.html","2026-08-23"
"東京都","世田谷区","下馬あんしんすこやかセンター","1540002","東京都世田谷区下馬4-13-4","03-3422-7218","下馬・野沢","https://www.city.setagaya.lg.jp/02087/2435.html","2026-08-23"
"東京都","世田谷区","上馬あんしんすこやかセンター","1540011","東京都世田谷区上馬4-10-17","03-5430-8059","上馬・駒沢1丁目・駒沢2丁目","https://www.city.setagaya.lg.jp/02087/2436.html","2026-08-23"
"東京都","世田谷区","梅丘あんしんすこやかセンター","1540022","東京都世田谷区梅丘1-61-16","03-5426-1957","代田1〜3丁目・梅丘・豪徳寺","https://www.city.setagaya.lg.jp/02087/2437.html","2026-08-23"
"東京都","世田谷区","代沢あんしんすこやかセンター","1550032","東京都世田谷区代沢5-1-15","03-5432-0533","代沢・池尻4丁目（33〜39番）","https://www.city.setagaya.lg.jp/02087/2438.html","2026-08-23"
"東京都","世田谷区","新代田あんしんすこやかセンター","1560042","東京都世田谷区羽根木1-6-14","03-5355-3402","代田4〜6丁目・羽根木・大原","https://www.city.setagaya.lg.jp/02087/2439.html","2026-08-23"
"東京都","世田谷区","北沢あんしんすこやかセンター","1550031","東京都世田谷区北沢2-8-18 北沢タウンホール地下1階","03-5478-9101","北沢","https://www.city.setagaya.lg.jp/02087/2440.html","2026-08-23"
"東京都","世田谷区","松原あんしんすこやかセンター","1560043","東京都世田谷区松原5-43-28","03-3323-2511","松原","https://www.city.setagaya.lg.jp/02087/2441.html","2026-08-23"
"東京都","世田谷区","松沢あんしんすこやかセンター","1560044","東京都世田谷区赤堤5-31-5","03-3325-2352","赤堤・桜上水","https://www.city.setagaya.lg.jp/02087/2442.html","2026-08-23"
"東京都","世田谷区","奥沢あんしんすこやかセンター","1580083","東京都世田谷区奥沢3-15-7","03-6421-9131","東玉川・奥沢1〜3丁目","https://www.city.setagaya.lg.jp/02087/2443.html","2026-08-23"
"東京都","世田谷区","九品仏あんしんすこやかセンター","1580083","東京都世田谷区奥沢7-35-4","03-6411-6047","玉川田園調布・奥沢4〜8丁目","https://www.city.setagaya.lg.jp/02087/2444.html","2026-08-23"
"東京都","世田谷区","等々力あんしんすこやかセンター","1580082","東京都世田谷区等々力3-4-1 玉川総合支所2階","03-3705-6528","玉堤・等々力・尾山台","https://www.city.setagaya.lg.jp/02087/2445.html","2026-08-23"
"東京都","世田谷区","上野毛あんしんすこやかセンター","1580091","東京都世田谷区中町2-33-11","03-3703-8956","上野毛・野毛・中町","https://www.city.setagaya.lg.jp/02087/2446.html","2026-08-23"
"東京都","世田谷区","用賀あんしんすこやかセンター","1580097","東京都世田谷区用賀2-29-22 2階","03-3708-4457","上用賀・用賀・玉川台","https://www.city.setagaya.lg.jp/02087/2447.html","2026-08-23"
"東京都","世田谷区","二子玉川あんしんすこやかセンター","1580094","東京都世田谷区玉川4-4-5 2階","03-5797-5516","玉川・瀬田","https://www.city.setagaya.lg.jp/02087/2448.html","2026-08-23"
"東京都","世田谷区","深沢あんしんすこやかセンター","1540012","東京都世田谷区駒沢4-33-12","03-5779-6670","駒沢3〜5丁目・駒沢公園・新町・桜新町・深沢","https://www.city.setagaya.lg.jp/02087/2449.html","2026-08-23"
"東京都","世田谷区","祖師谷あんしんすこやかセンター","1570072","東京都世田谷区祖師谷4-1-23","03-3789-4589","祖師谷・千歳台1〜2丁目","https://www.city.setagaya.lg.jp/02087/2450.html","2026-08-23"
"東京都","世田谷区","成城あんしんすこやかセンター","1570066","東京都世田谷区成城6-3-10","03-3483-8600","成城","https://www.city.setagaya.lg.jp/02087/2451.html","2026-08-23"
"東京都","世田谷区","船橋あんしんすこやかセンター","1560055","東京都世田谷区船橋4-3-2","03-3482-3276","船橋・千歳台3〜6丁目","https://www.city.setagaya.lg.jp/02087/2452.html","2026-08-23"
"東京都","世田谷区","喜多見あんしんすこやかセンター","1570067","東京都世田谷区喜多見5-11-10","03-3415-2313","喜多見・宇奈根・鎌田","https://www.city.setagaya.lg.jp/02087/2453.html","2026-08-23"
"東京都","世田谷区","砧あんしんすこやかセンター","1570073","東京都世田谷区砧5-8-18","03-3416-3217","岡本・大蔵・砧・砧公園","https://www.city.setagaya.lg.jp/02087/2454.html","2026-08-23"
"東京都","世田谷区","上北沢あんしんすこやかセンター","1560057","東京都世田谷区上北沢4-32-9","03-3306-1511","上北沢・八幡山","https://www.city.setagaya.lg.jp/02087/2455.html","2026-08-23"
"東京都","世田谷区","上祖師谷あんしんすこやかセンター","1570065","東京都世田谷区上祖師谷2-7-6","03-5315-5577","上祖師谷・粕谷","https://www.city.setagaya.lg.jp/02087/2456.html","2026-08-23"
"東京都","世田谷区","烏山あんしんすこやかセンター","1570062","東京都世田谷区南烏山6-4-26 烏山第2倉林ビル4階","03-3307-1198","給田・南烏山・北烏山","https://www.city.setagaya.lg.jp/02087/2457.html","2026-08-23"
"東京都","稲城市","地域包括支援センターひらお","2060823","東京都稲城市平尾2丁目49番地20 ひらお苑内","042-331-6088","坂浜・平尾","https://www.city.inagi.tokyo.jp/kenko/koureifukushi/1003399/1003401.html","2026-08-23"
"東京都","稲城市","地域包括支援センターやのくち","2060812","東京都稲城市矢野口1659番地4 ストリームサイドスズキ1階","042-379-8575","押立・矢野口","https://www.city.inagi.tokyo.jp/kenko/koureifukushi/1003399/1003401.html","2026-08-23"
"東京都","稲城市","地域包括支援センターエレガントもむら","2060804","東京都稲城市百村255番地 いなぎ苑内","042-379-5500","大丸・東長沼・百村","https://www.city.inagi.tokyo.jp/kenko/koureifukushi/1003399/1003401.html","2026-08-23"
"東京都","稲城市","地域包括支援センターこうようだい","2060803","東京都稲城市向陽台3丁目7番2号","042-370-0040","向陽台・長峰・若葉台","https://www.city.inagi.tokyo.jp/kenko/koureifukushi/1003399/1003401.html","2026-08-23"
"東京都","多摩市","西部地域包括支援センター","2060001","東京都多摩市和田1532 特別養護老人ホーム和光園内","042-389-8850","東寺方（3丁目除く）・落川・百草・和田（3丁目除く）・桜ヶ丘・関戸6丁目・貝取（地番）","https://www.city.tama.lg.jp/kenkofukushi/1008237/koureisha/soudan/1002951.html","2026-08-23"
"東京都","多摩市","東部地域包括支援センター","2060024","東京都多摩市諏訪5-1 諏訪複合教育施設内","042-373-7850","連光寺・聖ヶ丘・馬引沢・諏訪","https://www.city.tama.lg.jp/kenkofukushi/1008237/koureisha/soudan/1002951.html","2026-08-23"
"東京都","多摩市","多摩センター地域包括支援センター","2060042","東京都多摩市山王下1-18-2","042-376-2941","落合・鶴牧・南野2〜3丁目・唐木田・中沢・山王下","https://www.city.tama.lg.jp/kenkofukushi/1008237/koureisha/soudan/1002951.html","2026-08-23"
"東京都","多摩市","中部地域包括支援センター","2060025","東京都多摩市永山4-2-5-105","042-375-0017","永山2〜7丁目・貝取2〜5丁目・豊ヶ丘2〜6丁目・南野1丁目","https://www.city.tama.lg.jp/kenkofukushi/1008237/koureisha/soudan/1002951.html","2026-08-23"
"東京都","多摩市","北部地域包括支援センター","2060011","東京都多摩市関戸4-19-5 多摩市立健康センター3階","042-357-3711","関戸1〜5丁目・一ノ宮","https://www.city.tama.lg.jp/kenkofukushi/1008237/koureisha/soudan/1002951.html","2026-08-23"
"東京都","多摩市","北部地域包括支援センター愛宕支所","2060041","東京都多摩市愛宕1-1-2-106 愛宕第一住宅","042-319-6411","愛宕・東寺方3丁目・和田3丁目・乞田・永山1丁目・貝取1丁目・豊ヶ丘1丁目","https://www.city.tama.lg.jp/kenkofukushi/1008237/koureisha/soudan/1002951.html","2026-08-23"
"神奈川県","相模原市緑区","橋本地域包括支援センター","2520131","神奈川県相模原市緑区西橋本5-3-21 緑区合同庁舎1階","042-773-5812","橋本1丁目～7丁目、8丁目1番～14番、8丁目16番1～3、8丁目25番～31番、東橋本1丁目～4丁目、西橋本1丁目1番～13番、1丁目14番25、1丁目15番1、1丁目16番～27番、2丁目、3丁目1番～5番、3丁目8番40～42、5丁目1番～7番、元橋本町1番～36番、37番8～38、大山町、橋本台1丁目、2丁目1番～2番、2丁目3番2以降、2丁目8番～11番","https://kana.rakuraku.or.jp/sagamihara/midori/consultation/cgsc/140007-cgsc-CH14151N0001","2026-08-23"
"神奈川県","相模原市緑区","城山地域包括支援センター","2520105","神奈川県相模原市緑区久保沢1-3-1 城山総合事務所本館1階","042-783-0030","小倉、川尻、久保沢、城山、谷ヶ原、中沢、葉山島、原宿、原宿南、広田、町屋、向原、若葉台","https://kana.rakuraku.or.jp/sagamihara/midori/consultation/cgsc/140007-cgsc-CH14151N0003","2026-08-23"
"神奈川県","相模原市緑区","津久井地域包括支援センター","2520157","神奈川県相模原市緑区中野966-5","042-780-5790","青根、青野原、青山、太井、鳥屋、中野、長竹、根小屋、又野、三井、三ケ木","https://kana.rakuraku.or.jp/sagamihara/midori/consultation/cgsc/140007-cgsc-CH14151N0004","2026-08-23"
"神奈川県","相模原市緑区","相模湖地域包括支援センター","2520171","神奈川県相模原市緑区与瀬896 相模湖総合事務所1階","042-684-9065","小原、寸沢嵐、千木良、与瀬、与瀬本町、若柳、吉野の一部","https://kana.rakuraku.or.jp/sagamihara/midori/consultation/cgsc/140007-cgsc-CH14151N0005","2026-08-23"
"神奈川県","相模原市緑区","藤野地域包括支援センター","2520184","神奈川県相模原市緑区小渕2000 藤野総合事務所4階","042-686-6705","小渕、佐野川、澤井、名倉、日連、牧野、吉野の一部","https://kana.rakuraku.or.jp/sagamihara/midori/consultation/cgsc/140007-cgsc-CH14151N0006","2026-08-23"
"神奈川県","相模原市緑区","相原地域包括支援センター","2520137","神奈川県相模原市緑区二本松3-4-7","042-703-5088","二本松1丁目～4丁目、西橋本1丁目14番1～24、26以降、1丁目15番2以降、3丁目6番～7番、3丁目8番1～39、43以降、3丁目9番～23番、4丁目、5丁目8番～9番、橋本8丁目15番、8丁目16番4～24、8丁目17番～24番、相原1丁目～6丁目、元橋本町37番1～7、橋本台2丁目3番1、2丁目4番～7番、2丁目12番～14番、3丁目～4丁目、下九沢2621番地～2625番地、2627番地、2836番地～2838番地、2847番地～2848番地、2854番地～2857番地、2861番地～2864番地、2869番地～2870番地、2874番地～2887番地","https://kana.rakuraku.or.jp/sagamihara/midori/consultation/cgsc/140007-cgsc-CH14151N0007","2026-08-23"
"神奈川県","相模原市緑区","大沢地域包括支援センター","2520135","神奈川県相模原市緑区大島1556 特別養護老人ホーム中の郷ユニット型内","042-760-1210","大字大島、上九沢一円、下九沢の一部、田名の一部","https://kana.rakuraku.or.jp/sagamihara/midori/consultation/cgsc/140007-cgsc-CH14151N0008","2026-08-23"
"神奈川県","相模原市中央区","小山地域包括支援センター","2520212","神奈川県相模原市中央区宮下1-1-21","042-771-3381","相模原1丁目、4丁目、小山1丁目、宮下本町、宮下、すすきの町、向陽町、氷川町","https://kana.rakuraku.or.jp/sagamihara/chuo/consultation/cgsc/140007-cgsc-CH14152N0001","2026-08-23"
"神奈川県","相模原市中央区","清新地域包括支援センター","2520239","神奈川県相模原市中央区中央1-9-14 ペアハイツ中央1階","042-707-0822","相模原2丁目～3丁目、7丁目～8丁目、中央1丁目、4丁目～5丁目、小山2丁目～4丁目、清新、南橋本1丁目～3丁目","https://kana.rakuraku.or.jp/sagamihara/chuo/consultation/cgsc/140007-cgsc-CH14152N0002","2026-08-23"
"神奈川県","相模原市中央区","横山地域包括支援センター","2520242","神奈川県相模原市中央区横山1-2-15 グリーンハイム1階","042-751-6662","小町通、横山台、横山1丁目、4丁目、南橋本4丁目、中央区下九沢","https://kana.rakuraku.or.jp/sagamihara/chuo/consultation/cgsc/140007-cgsc-CH14152N0003","2026-08-23"
"神奈川県","相模原市中央区","中央地域包括支援センター","2520237","神奈川県相模原市中央区千代田1-6-2 アスカマンション1-C号室","042-730-3886","高根2丁目～3丁目、由野台3丁目、松ヶ丘、弥栄、相模原5丁目～6丁目、矢部、相生、富士見、千代田1丁目、中央2丁目～3丁目、6丁目","https://kana.rakuraku.or.jp/sagamihara/chuo/consultation/cgsc/140007-cgsc-CH14152N0004","2026-08-23"
"神奈川県","相模原市中央区","星が丘地域包括支援センター","2520237","神奈川県相模原市中央区千代田5-3-19","042-758-7719","千代田2丁目～7丁目、星が丘、横山2丁目～3丁目、5丁目1番～10番、6丁目","https://kana.rakuraku.or.jp/sagamihara/chuo/consultation/cgsc/140007-cgsc-CH14152N0005","2026-08-23"
"神奈川県","相模原市中央区","光が丘地域包括支援センター","2520227","神奈川県相模原市中央区光が丘2-18-87 光が丘ふれあいセンター内","042-750-1067","青葉、緑が丘、陽光台、光が丘、並木、上溝4685番地～4699番地、5184番地、5193番地、5443番地～5776番地、7047番地以降","https://kana.rakuraku.or.jp/sagamihara/chuo/consultation/cgsc/140007-cgsc-CH14152N0006","2026-08-23"
"神奈川県","相模原市中央区","大野北第2地域包括支援センター","2520233","神奈川県相模原市中央区鹿沼台1-3-17 ヴィアーレ鹿沼台1-C","042-768-2195","大野台3丁目1番～12番、高根1丁目、由野台1丁目～2丁目、鹿沼台1丁目～2丁目、共和1丁目～4丁目、東淵野辺1丁目～5丁目","https://kana.rakuraku.or.jp/sagamihara/chuo/consultation/cgsc/140007-cgsc-CH14152N0007","2026-08-23"
"神奈川県","相模原市中央区","田名地域包括支援センター","2520244","神奈川県相模原市中央区田名1262-5 D+STYLE上田名ビル1階","042-764-6831","上溝番地の一部、田名の一部、田名塩田1丁目～4丁目、水郷田名1丁目～4丁目","https://kana.rakuraku.or.jp/sagamihara/chuo/consultation/cgsc/140007-cgsc-CH14152N0008","2026-08-23"
"神奈川県","相模原市中央区","上溝地域包括支援センター","2520243","神奈川県相模原市中央区上溝7-16-13","042-760-7055","横山5丁目11番～21番、上溝1丁目～7丁目、上溝番地の一部、田名の一部","https://kana.rakuraku.or.jp/sagamihara/chuo/consultation/cgsc/140007-cgsc-CH14152N0009","2026-08-23"
"神奈川県","相模原市中央区","大野北第1地域包括支援センター","2520206","神奈川県相模原市中央区淵野辺3-6-17 まいづるビル1階","042-704-9551","淵野辺1丁目～5丁目、淵野辺本町1丁目～5丁目、上矢部1丁目～5丁目、矢部新町","https://kana.rakuraku.or.jp/sagamihara/chuo/consultation/cgsc/140007-cgsc-CH14152N0010","2026-08-23"
"神奈川県","相模原市南区","大野中地域包括支援センター","2520344","神奈川県相模原市南区古淵3-28-1 ランバーパート6 1階","042-701-0511","古淵1丁目～6丁目、鵜野森1丁目～2丁目、3丁目1番～49番、3丁目50番～30","https://kana.rakuraku.or.jp/sagamihara/minami/consultation/cgsc/140007-cgsc-CH14153N0001","2026-08-23"
"神奈川県","相模原市南区","大野南地域包括支援センター","2520303","神奈川県相模原市南区相模大野3-1-33 丸徳ビル1階","042-767-3701","旭町、豊町、栄町、文京1丁目～2丁目、御園1丁目～3丁目、相模大野1丁目、3丁目1番～18番、25番6～10、4丁目～6丁目、若松2丁目19番11～14、3丁目33番1～9、3丁目33番14～19、3丁目48番以降、5丁目13番11～21、5丁目17番9～24、上鶴間1丁目47番以降、6丁目32番以降","https://kana.rakuraku.or.jp/sagamihara/minami/consultation/cgsc/140007-cgsc-CH14153N0002","2026-08-23"
"神奈川県","相模原市南区","麻溝地域包括支援センター","2520335","神奈川県相模原市南区下溝756-6 三和麻溝店B館3階","042-777-6858","麻溝台1丁目1番～2番、13番、7丁目1番～2番、13番～14番、北里1丁目、下溝、当麻、麻溝台番地の一部","https://kana.rakuraku.or.jp/sagamihara/minami/consultation/cgsc/140007-cgsc-CH14153N0003","2026-08-23"
"神奈川県","相模原市南区","新磯地域包括支援センター","2520326","神奈川県相模原市南区新戸1716 新戸デイサービスセンター内","046-252-7646","新戸、磯部、新磯野95番地4","https://kana.rakuraku.or.jp/sagamihara/minami/consultation/cgsc/140007-cgsc-CH14153N0004","2026-08-23"
"神奈川県","相模原市南区","相模台第2地域包括支援センター","2520328","神奈川県相模原市南区麻溝台6-26-4 旭マンション1階","042-741-6665","相模台6丁目～7丁目、御園4丁目～5丁目、双葉1丁目～2丁目、桜台、相模台団地、北里2丁目、麻溝台1丁目3番～12番、2丁目～6丁目、7丁目3番～12番、15番～28番、麻溝台8丁目、麻溝台番地の一部、新磯野番地の一部","https://kana.rakuraku.or.jp/sagamihara/minami/consultation/cgsc/140007-cgsc-CH14153N0005","2026-08-23"
"神奈川県","相模原市南区","相武台地域包括支援センター","2520325","神奈川県相模原市南区新磯野4-1-3 相武台まちづくりセンター・公民館内","046-206-5571","相武台団地1丁目～2丁目、相武台1丁目～3丁目、新磯野1丁目、2丁目24番～51番、3丁目～5丁目","https://kana.rakuraku.or.jp/sagamihara/minami/consultation/cgsc/140007-cgsc-CH14153N0006","2026-08-23"
"神奈川県","相模原市南区","東林第1地域包括支援センター","2520311","神奈川県相模原市南区東林間5-5-1","042-740-7708","東林間1丁目～5丁目、上鶴間1丁目46番、4丁目～5丁目、6丁目2番～11番、16番～31番、7丁目～8丁目","https://kana.rakuraku.or.jp/sagamihara/minami/consultation/cgsc/140007-cgsc-CH14153N0007","2026-08-23"
"神奈川県","相模原市南区","大沼地域包括支援センター","2520334","神奈川県相模原市南区若松4-17-13 ソフィアビル1階","042-705-5435","西大沼1丁目～5丁目、東大沼1丁目～4丁目、若松1丁目、2丁目1番～18番、2丁目19番1～10、2丁目19番15以降、2丁目20番以降、3丁目1番～32番、3丁目33番10～13、3丁目34番～47番、4丁目、5丁目1番～12番、5丁目13番1～10、5丁目13番22以降、5丁目14番～16番、5丁目17番1～8、5丁目17番25以降、5丁目18番以降、6丁目","https://kana.rakuraku.or.jp/sagamihara/minami/consultation/cgsc/140007-cgsc-CH14153N0008","2026-08-23"
"神奈川県","相模原市南区","大野台地域包括支援センター","2520331","神奈川県相模原市南区大野台5-25-10","042-758-8278","大野台1丁目～2丁目、3丁目13番～45番、4丁目～8丁目","https://kana.rakuraku.or.jp/sagamihara/minami/consultation/cgsc/140007-cgsc-CH14153N0009","2026-08-23"
"神奈川県","相模原市南区","上鶴間地域包括支援センター","2520318","神奈川県相模原市南区上鶴間本町6-28-14","042-767-2731","上鶴間1丁目1番～45番、2丁目～3丁目、6丁目1番、6丁目12番～15番、上鶴間本町1丁目～9丁目、相模大野2丁目、3丁目19番～24番、25番1～5、11以降、7丁目～9丁目、鵜野森3丁目50番31","https://kana.rakuraku.or.jp/sagamihara/minami/consultation/cgsc/140007-cgsc-CH14153N0010","2026-08-23"
"神奈川県","相模原市南区","相模台第1地域包括支援センター","2520314","神奈川県相模原市南区南台5-12-21 品田ビル1-A","042-767-3888","相模台1丁目～5丁目、南台1丁目～6丁目、新磯野2丁目1～23番","https://kana.rakuraku.or.jp/sagamihara/minami/consultation/cgsc/140007-cgsc-CH14153N0011","2026-08-23"
"神奈川県","相模原市南区","東林第2地域包括支援センター","2520313","神奈川県相模原市南区松が枝町15-11 CLLエクセレンス松が枝1 106号室","042-705-8278","松が枝町、相南1丁目～4丁目、東林間6丁目～8丁目","https://kana.rakuraku.or.jp/sagamihara/minami/consultation/cgsc/140007-cgsc-CH14153N0012","2026-08-23"
"神奈川県","厚木市","厚木市厚木地域包括支援センター","2430018","神奈川県厚木市中町3-18-5 ソーケン本厚木ビル401","046-297-2970","松枝、元町、東町、寿町、水引、厚木町、中町、栄町、田村町、吾妻町","https://kana.rakuraku.or.jp/atsugi/cgsc/140007-cgsc-CH14212N0001","2026-08-23"
"神奈川県","厚木市","厚木市依知地域包括支援センター","2430804","神奈川県厚木市関口831-1","046-246-0108","上依知、猿ヶ島、山際、下川入、関口、中依知、下依知、金田","https://kana.rakuraku.or.jp/atsugi/cgsc/140007-cgsc-CH14212N0002","2026-08-23"
"神奈川県","厚木市","厚木市睦合地域包括支援センター","2430217","神奈川県厚木市三田南2-1-1 山口ビル101号室","046-297-7338","棚沢、三田、三田南1丁目から3丁目、及川、林、王子1丁目","https://kana.rakuraku.or.jp/atsugi/cgsc/140007-cgsc-CH14212N0003","2026-08-23"
"神奈川県","厚木市","厚木市荻野地域包括支援センター","2430204","神奈川県厚木市鳶尾2-25-10","046-241-5780","上荻野、まつかげ台、みはる野、中荻野、下荻野、鳶尾","https://kana.rakuraku.or.jp/atsugi/cgsc/140007-cgsc-CH14212N0004","2026-08-23"
"神奈川県","厚木市","厚木市小鮎・緑ヶ丘地域包括支援センター","2430041","神奈川県厚木市緑ヶ丘2-2-12 グリーンヒルズ1F","046-204-8181","飯山、飯山南、上古沢、下古沢、宮の里、緑ヶ丘、王子2～3丁目","https://kana.rakuraku.or.jp/atsugi/cgsc/140007-cgsc-CH14212N0005","2026-08-23"
"神奈川県","厚木市","厚木市玉川・森の里地域包括支援センター","2430125","神奈川県厚木市小野2240-1","046-250-9091","七沢、小野、岡津古久、森の里","https://kana.rakuraku.or.jp/atsugi/cgsc/140007-cgsc-CH14212N0006","2026-08-23"
"神奈川県","厚木市","厚木市南毛利地域包括支援センター","2430039","神奈川県厚木市温水西2丁目27番38号 カーネーションパーク1F","046-250-1108","愛名、毛利台、戸室、恩名、温水、温水西、長谷","https://kana.rakuraku.or.jp/atsugi/cgsc/140007-cgsc-CH14212N0007","2026-08-23"
"神奈川県","厚木市","厚木市相川・南毛利南地域包括支援センター","2430027","神奈川県厚木市愛甲東1-1-19","046-220-0643","船子、酒井、戸田、長沼、下津古久、上落合、愛甲、愛甲東、愛甲西、岡田（岡田団地を除く）","https://kana.rakuraku.or.jp/atsugi/cgsc/140007-cgsc-CH14212N0008","2026-08-23"
"神奈川県","厚木市","厚木市厚木南地域包括支援センター","2430014","神奈川県厚木市旭町2-3-13","046-258-6705","幸町、泉町、厚木、旭町、南町、温水の一部、船子の一部、岡田の一部（岡田団地）","https://kana.rakuraku.or.jp/atsugi/cgsc/140007-cgsc-CH14212N0009","2026-08-23"
"神奈川県","厚木市","厚木市睦合南地域包括支援センター","2430812","神奈川県厚木市妻田北4-3-8-101","046-294-1380","妻田、妻田北、妻田南、妻田東、妻田西、三田南1丁目の一部","https://kana.rakuraku.or.jp/atsugi/cgsc/140007-cgsc-CH14212N0010","2026-08-23"
"神奈川県","座間市","座間市相武台地域包括支援センター","2520013","神奈川県座間市栗原1261-1 特別養護老人ホームベルホーム内","046-258-2030","相武台、広野台、栗原、緑ケ丘2丁目～6丁目、明王","https://kana.rakuraku.or.jp/zama/cgsc/140007-cgsc-CH14216N0001","2026-08-23"
"神奈川県","座間市","座間市新田宿地域包括支援センター","2520026","神奈川県座間市新田宿623 特別養護老人ホーム第二座間苑内","046-256-9007","入谷西、四ツ谷、新田宿、座間","https://kana.rakuraku.or.jp/zama/cgsc/140007-cgsc-CH14216N0002","2026-08-23"
"神奈川県","座間市","座間市相模が丘地域包括支援センター","2520001","神奈川県座間市相模が丘6-30-12 相模台商事第1ビル","046-266-5222","相模が丘","https://kana.rakuraku.or.jp/zama/cgsc/140007-cgsc-CH14216N0003","2026-08-23"
"神奈川県","座間市","座間市立野台地域包括支援センター","2520021","神奈川県座間市緑ケ丘1-2-1 サニープレイス座間内","046-266-2005","緑ケ丘1丁目、立野台、入谷東","https://kana.rakuraku.or.jp/zama/cgsc/140007-cgsc-CH14216N0004","2026-08-23"
"神奈川県","座間市","座間市ひばりが丘地域包括支援センター","2520003","神奈川県座間市ひばりが丘5-21-29 牧山商事ビル1階","046-255-2555","小松原、ひばりが丘、東原","https://kana.rakuraku.or.jp/zama/cgsc/140007-cgsc-CH14216N0005","2026-08-23"
"神奈川県","座間市","座間市栗原地域包括支援センター","2520014","神奈川県座間市栗原中央6-1-18 特別養護老人ホーム栗原ホーム内","046-251-1167","さがみ野、栗原中央、南栗原、西栗原","https://kana.rakuraku.or.jp/zama/cgsc/140007-cgsc-CH14216N0006","2026-08-23"
"東京都","狛江市","あいとぴあ地域包括支援センター","2010013","東京都狛江市元和泉2-35-1 あいとぴあセンター内","03-5438-3565","中和泉・西和泉・元和泉・東和泉","https://www.city.komae.tokyo.jp/index.cfm/41,28095,308,1972,html","2026-08-23"
"東京都","狛江市","地域包括支援センターこまえ正吉苑","2010001","東京都狛江市西野川2-27-23","03-5438-2522","和泉本町・東野川・西野川","https://www.city.komae.tokyo.jp/index.cfm/41,28095,308,1972,html","2026-08-23"
"東京都","狛江市","地域包括支援センターこまえ苑","2010005","東京都狛江市岩戸南4-17-17","03-3489-2422","岩戸南・岩戸北・猪方・駒井町","https://www.city.komae.tokyo.jp/index.cfm/41,28095,308,1972,html","2026-08-23"
"東京都","狛江市","地域包括支援センターこまえ苑","2010005","東京都狛江市岩戸南4-17-17","03-3489-2422","岩戸南・岩戸北・猪方・駒井町","https://www.city.komae.tokyo.jp/index.cfm/41,28095,308,1972,html","2026-08-23"
"神奈川県","大和市","下鶴間つきみ野地域包括支援センター","2420001","神奈川県大和市下鶴間418-2","046-272-7061","下鶴間、つきみ野","https://www.city.yamato.lg.jp/gyosei/soshik/60/yokuarushitsumon_kaitoshu/12765.html","2026-08-24"
"神奈川県","大和市","中央林間地域包括支援センター","2420007","神奈川県大和市中央林間8-25-8 LAPLA中央林間2階","046-271-5572","中央林間西、中央林間","https://www.city.yamato.lg.jp/gyosei/soshik/60/yokuarushitsumon_kaitoshu/12765.html","2026-08-24"
"神奈川県","大和市","南林間地域包括支援センター","2420006","神奈川県大和市南林間1-4-18 ジュネス南林間2-1","046-271-5706","南林間、林間","https://www.city.yamato.lg.jp/gyosei/soshik/60/yokuarushitsumon_kaitoshu/12765.html","2026-08-24"
"神奈川県","大和市","鶴間地域包括支援センター","2420005","神奈川県大和市西鶴間8-1-2","046-271-2770","鶴間、西鶴間","https://www.city.yamato.lg.jp/gyosei/soshik/60/yokuarushitsumon_kaitoshu/12765.html","2026-08-24"
"神奈川県","大和市","深見大和地域包括支援センター","2420017","神奈川県大和市大和東3-3-16","046-264-3192","深見西、深見東、深見、深見台、大和東、大和南","https://www.city.yamato.lg.jp/gyosei/soshik/60/yokuarushitsumon_kaitoshu/12765.html","2026-08-24"
"神奈川県","大和市","上草柳・中央地域包括支援センター","2420026","神奈川県大和市草柳2-15-1","046-263-1108","上草柳、桜森、中央、草柳、下草柳、柳橋（1・4丁目）","https://www.city.yamato.lg.jp/gyosei/soshik/60/yokuarushitsumon_kaitoshu/12765.html","2026-08-24"
"神奈川県","大和市","福田北地域包括支援センター","2420022","神奈川県大和市柳橋2-11 まごころ福祉センター内","046-267-9992","柳橋（2・3・5丁目）、福田（1丁目～8丁目）","https://www.city.yamato.lg.jp/gyosei/soshik/60/yokuarushitsumon_kaitoshu/12765.html","2026-08-24"
"神奈川県","大和市","福田南地域包括支援センター","2420024","神奈川県大和市福田1551","046-269-9001","代官、渋谷、福田（1丁目～8丁目、2339番地～2617番地、5506番地～5696番地を除く）","https://www.city.yamato.lg.jp/gyosei/soshik/60/yokuarushitsumon_kaitoshu/12765.html","2026-08-24"
"神奈川県","大和市","桜丘・和田地域包括支援センター","2420015","神奈川県大和市下和田822-1","046-268-2621","上和田、下和田、福田（2339番地～2617番地、5506番地～5696番地）","https://www.city.yamato.lg.jp/gyosei/soshik/60/yokuarushitsumon_kaitoshu/12765.html","2026-08-24"
"神奈川県","藤沢市","片瀬地域包括支援センター","2510032","神奈川県藤沢市片瀬4-9-22 片瀬しおさい荘内","0466-29-5066","江の島、片瀬、片瀬海岸、片瀬目白山、片瀬山、鵠沼藤が谷","https://www.city.fujisawa.kanagawa.jp/kourei-s/kenko/fukushi/kore/sodan/supportcenter.html","2026-08-24"
"神奈川県","藤沢市","鵠沼南地域包括支援センター","2510037","神奈川県藤沢市鵠沼海岸2-10-34 鵠沼市民センター内","0466-33-1166","鵠沼海岸、鵠沼桜が岡、鵠沼藤が谷、鵠沼松が岡、本鵠沼","https://www.city.fujisawa.kanagawa.jp/kourei-s/kenko/fukushi/kore/sodan/supportcenter.html","2026-08-24"
"神奈川県","藤沢市","鵠沼東地域包括支援センター","2510027","神奈川県藤沢市鵠沼桜が岡4-14-13 タックハウス鵠沼1階","0466-55-1511","川名、鵠沼、鵠沼石上、鵠沼桜が岡、鵠沼神明、鵠沼橘、鵠沼花沢町、鵠沼東、鵠沼藤が谷、本鵠沼、南藤沢","https://www.city.fujisawa.kanagawa.jp/kourei-s/kenko/fukushi/kore/sodan/supportcenter.html","2026-08-24"
"神奈川県","藤沢市","辻堂東地域包括支援センター","2510043","神奈川県藤沢市辻堂元町5-5-8","0466-36-3333","鵠沼海岸、辻堂、辻堂新町、辻堂太平台、辻堂東海岸、辻堂元町","https://www.city.fujisawa.kanagawa.jp/kourei-s/kenko/fukushi/kore/sodan/supportcenter.html","2026-08-24"
"神奈川県","藤沢市","辻堂西地域包括支援センター","2510046","神奈川県藤沢市辻堂西海岸2-1-17 辻堂市民センター内","0466-54-9511","辻堂、辻堂西海岸、辻堂元町","https://www.city.fujisawa.kanagawa.jp/kourei-s/kenko/fukushi/kore/sodan/supportcenter.html","2026-08-24"
"神奈川県","藤沢市","村岡地域包括支援センター","2510012","神奈川県藤沢市村岡東1-5-17 村岡市民センター内","0466-24-4100","柄沢、川名、小塚、大鋸、高谷、並木台、藤が岡、宮前、弥勒寺、村岡東、渡内","https://www.city.fujisawa.kanagawa.jp/kourei-s/kenko/fukushi/kore/sodan/supportcenter.html","2026-08-24"
"神奈川県","藤沢市","藤沢東部地域包括支援センター","2510002","神奈川県藤沢市大鋸3-1-30","0466-55-5570","朝日町、大鋸、西富、藤が岡、藤沢、本町","https://www.city.fujisawa.kanagawa.jp/kourei-s/kenko/fukushi/kore/sodan/supportcenter.html","2026-08-24"
"神奈川県","藤沢市","藤沢西部地域包括支援センター","2510053","神奈川県藤沢市本町1-12-17 Fプレイス1F","0466-22-7633","稲荷、鵠沼、鵠沼神明、城南、白旗、羽鳥、花の木、藤沢、本町、本藤沢、みその台","https://www.city.fujisawa.kanagawa.jp/kourei-s/kenko/fukushi/kore/sodan/supportcenter.html","2026-08-24"
"神奈川県","藤沢市","明治地域包括支援センター","2510041","神奈川県藤沢市辻堂神台2-2-1 アイクロス湘南2階","0466-35-2811","稲荷、大庭、城南、辻堂神台、辻堂新町、羽鳥","https://www.city.fujisawa.kanagawa.jp/kourei-s/kenko/fukushi/kore/sodan/supportcenter.html","2026-08-24"
"神奈川県","藤沢市","善行地域包括支援センター","2510871","神奈川県藤沢市善行1-2-3 善行市民センター内","0466-90-0065","石川、稲荷、大庭、亀井野、白旗、善行、善行坂、善行団地、立石、西俣野、藤沢、本藤沢、みその台","https://www.city.fujisawa.kanagawa.jp/kourei-s/kenko/fukushi/kore/sodan/supportcenter.html","2026-08-24"
"神奈川県","藤沢市","善行地域包括支援センター善行団地分室","2510877","神奈川県藤沢市善行団地3-15-2","0466-47-7345","石川、稲荷、大庭、亀井野、白旗、善行、善行坂、善行団地、立石、西俣野、藤沢、本藤沢、みその台","https://www.city.fujisawa.kanagawa.jp/kourei-s/kenko/fukushi/kore/sodan/supportcenter.html","2026-08-24"
"神奈川県","藤沢市","湘南大庭地域包括支援センター","2510861","神奈川県藤沢市大庭5527-1 保健医療センター2階こまよせ荘内","0466-87-3588","石川、遠藤、大庭","https://www.city.fujisawa.kanagawa.jp/kourei-s/kenko/fukushi/kore/sodan/supportcenter.html","2026-08-24"
"神奈川県","藤沢市","湘南大庭地域包括支援センター小糸分室","2510861","神奈川県藤沢市大庭5254-6 湘南スカイビラ1C","0466-90-4507","石川、遠藤、大庭","https://www.city.fujisawa.kanagawa.jp/kourei-s/kenko/fukushi/kore/sodan/supportcenter.html","2026-08-24"
"神奈川県","藤沢市","六会地域包括支援センター","2520813","神奈川県藤沢市亀井野4-8-1 六会市民センター内","0466-80-5877","石川、今田、円行、亀井野、桐原町、湘南台、天神町、西俣野","https://www.city.fujisawa.kanagawa.jp/kourei-s/kenko/fukushi/kore/sodan/supportcenter.html","2026-08-24"
"神奈川県","藤沢市","六会地域包括支援センター石川分室","2520815","神奈川県藤沢市石川6丁目21-39","0466-47-9200","石川、今田、円行、亀井野、桐原町、湘南台、天神町、西俣野","https://www.city.fujisawa.kanagawa.jp/kourei-s/kenko/fukushi/kore/sodan/supportcenter.html","2026-08-24"
"神奈川県","藤沢市","湘南台地域包括支援センター","2520804","神奈川県藤沢市湘南台1-8 湘南台文化センター2階","0466-45-2300","今田、円行、亀井野、下土棚、湘南台、高倉","https://www.city.fujisawa.kanagawa.jp/kourei-s/kenko/fukushi/kore/sodan/supportcenter.html","2026-08-24"
"神奈川県","藤沢市","遠藤地域包括支援センター（サブセンター）","2520816","神奈川県藤沢市遠藤2984-3 遠藤市民センター内","0466-54-8312","石川、遠藤","https://www.city.fujisawa.kanagawa.jp/kourei-s/kenko/fukushi/kore/sodan/supportcenter.html","2026-08-24"
"神奈川県","藤沢市","長後地域包括支援センター","2520801","神奈川県藤沢市長後513 長後市民センター内","0466-45-1121","下土棚、高倉、長後、土棚","https://www.city.fujisawa.kanagawa.jp/kourei-s/kenko/fukushi/kore/sodan/supportcenter.html","2026-08-24"
"神奈川県","藤沢市","御所見地域包括支援センター","2520824","神奈川県藤沢市打戻1760-1 御所見市民センター内","0466-49-2020","打戻、遠藤、獺郷、葛原、菖蒲沢、宮原、用田","https://www.city.fujisawa.kanagawa.jp/kourei-s/kenko/fukushi/kore/sodan/supportcenter.html","2026-08-24"
"神奈川県","横須賀市","追浜地域包括支援センター","2370068","神奈川県横須賀市追浜本町1-28-5 サンビーチ追浜内","046-865-5450","鷹取、追浜本町、夏島町、浦郷町、追浜東町、浜見台、追浜町、追浜南町、湘南鷹取","https://www.city.yokosuka.kanagawa.jp/2610/g_info/l100050588.html","2026-08-24"
"神奈川県","横須賀市","田浦・逸見地域包括支援センター","2370075","神奈川県横須賀市田浦町2-80-1 横須賀基督教社会館内","046-861-9793","船越町、港が丘、田浦港町、田浦町、田浦大作町、田浦泉町、長浦町、安針台、吉倉町、西逸見町、山中町、東逸見町、逸見が丘","https://www.city.yokosuka.kanagawa.jp/2610/sisetu/fc100000858.html","2026-08-24"
"神奈川県","横須賀市","本庁第一地域包括支援センター","2380018","神奈川県横須賀市緑が丘28 聖ヨゼフ在宅ケアセンター1階","046-828-3830","坂本町、汐入町、本町、稲岡町、泊町、小川町、大滝町、緑が丘、若松町、上町、不入斗町、鶴が丘、平和台、汐見台","https://www.city.yokosuka.kanagawa.jp/2610/sisetu/fc100000859.html","2026-08-24"
"神奈川県","横須賀市","本庁第二地域包括支援センター","2380014","神奈川県横須賀市三春町2-12 三春コミュニティセンター内","046-824-3253","日の出町、米が浜通、平成町、安浦町、三春町、富士見町、田戸台、深田台、望洋台、佐野町","https://www.city.yokosuka.kanagawa.jp/2610/sisetu/fc100000860.html","2026-08-24"
"神奈川県","横須賀市","衣笠第一地域包括支援センター","2380031","神奈川県横須賀市衣笠栄町4-14 共楽荘内","046-851-1963","衣笠栄町、金谷、池上、阿部倉、平作、小矢部（2丁目）、小矢部（4丁目）","https://www.city.yokosuka.kanagawa.jp/2610/sisetu/fc100000861.html","2026-08-24"
"神奈川県","横須賀市","衣笠第二地域包括支援センター","2380024","神奈川県横須賀市大矢部1-9-30 横須賀グリーンヒル内","046-838-4774","公郷町、小矢部（1丁目）、小矢部（3丁目）、衣笠町、大矢部、森崎","https://www.city.yokosuka.kanagawa.jp/2610/sisetu/fc100000862.html","2026-08-24"
"神奈川県","横須賀市","大津地域包括支援センター","2390811","神奈川県横須賀市走水1-35 シャローム内","046-842-1082","根岸町、大津町、馬堀海岸、走水、馬堀町、桜が丘、池田町","https://www.city.yokosuka.kanagawa.jp/2610/sisetu/fc100000863.html","2026-08-24"
"神奈川県","横須賀市","浦賀地域包括支援センター","2390822","神奈川県横須賀市浦賀2-3-20 太陽の家浦賀内","046-846-5160","吉井、浦賀、浦上台、二葉、小原台、鴨居、東浦賀、浦賀丘、西浦賀、光風台、南浦賀","https://www.city.yokosuka.kanagawa.jp/2610/sisetu/fc100000864.html","2026-08-24"
"神奈川県","横須賀市","久里浜地域包括支援センター","2390826","神奈川県横須賀市長瀬3-6-2 衣笠病院長瀬ケアセンター内","046-843-3112","久里浜台、長瀬、久比里、若宮台、舟倉、内川、内川新田、佐原、岩戸、久村、久里浜、神明町、ハイランド","https://www.city.yokosuka.kanagawa.jp/2610/sisetu/fc100000865.html","2026-08-24"
"神奈川県","横須賀市","北下浦地域包括支援センター","2390841","神奈川県横須賀市野比5-5-6 横須賀老人ホーム内","046-839-2606","野比、粟田、光の丘、長沢、グリーンハイツ、津久井","https://www.city.yokosuka.kanagawa.jp/2610/sisetu/fc100000867.html","2026-08-24"
"神奈川県","横須賀市","西第一地域包括支援センター","2400103","神奈川県横須賀市佐島3-12-15 高齢者総合福祉センターヒューマン内","046-856-7288","山科台、太田和、荻野、長坂、佐島、佐島の丘、芦名、秋谷、子安、湘南国際村","https://www.city.yokosuka.kanagawa.jp/2610/sisetu/fc100000868.html","2026-08-24"
"神奈川県","横須賀市","西第二地域包括支援センター","2380313","神奈川県横須賀市武3-39-1 横須賀愛光園内","046-857-6604","長井、御幸浜、林、須軽谷、武","https://www.city.yokosuka.kanagawa.jp/2610/sisetu/fc10000910.html","2026-08-24"
"神奈川県","平塚市","平塚市高齢者よろず相談センターあさひきた","2540904","神奈川県平塚市根坂間218-7","0463-30-3611","日向岡・公所・河内・纒・徳延・根坂間","https://www.city.hiratsuka.kanagawa.jp/fukushi/page-c_01707.html","2026-08-31"
"神奈川県","平塚市","平塚市高齢者よろず相談センターあさひみなみ","2540914","神奈川県平塚市高村203-13-104","0463-31-4932","出縄・万田・高根・山下・高村","https://www.city.hiratsuka.kanagawa.jp/fukushi/page-c_01707.html","2026-08-31"
"神奈川県","平塚市","平塚市高齢者よろず相談センターおおすみ","2591212","神奈川県平塚市岡崎6130","0463-51-6433","大島・小鍋島・下島・城所・岡崎・ふじみ野","https://www.city.hiratsuka.kanagawa.jp/fukushi/page-c_01707.html","2026-08-31"
"神奈川県","平塚市","平塚市高齢者よろず相談センター倉田会","2540018","神奈川県平塚市東真土4-4-31","0463-53-1930","四之宮・西八幡・東八幡・東真土・西真土","https://www.city.hiratsuka.kanagawa.jp/fukushi/page-c_01707.html","2026-08-31"
"神奈川県","平塚市","平塚市高齢者よろず相談センターごてん","2540065","神奈川県平塚市南原3-5-14","0463-31-6957","御殿・中原の一部（1〜2丁目および3丁目20〜26番）・南原","https://www.city.hiratsuka.kanagawa.jp/fukushi/page-c_01707.html","2026-08-31"
"神奈川県","平塚市","平塚市高齢者よろず相談センターサンレジデンス湘南","2540013","神奈川県平塚市田村2-11-5","0463-54-7009","田村・横内・吉際・大神","https://www.city.hiratsuka.kanagawa.jp/fukushi/page-c_01707.html","2026-08-31"
"神奈川県","平塚市","平塚市高齢者よろず相談センターとよだ","2540084","神奈川県平塚市南豊田85-1","0463-36-2501","寺田縄・入野・長持・飯島・中原下宿・豊田平等寺・南豊田・東豊田・豊田打間木・豊田小嶺・豊田宮下・豊田本郷・北豊田","https://www.city.hiratsuka.kanagawa.jp/fukushi/page-c_01707.html","2026-08-31"
"神奈川県","平塚市","平塚市高齢者よろず相談センターひらつかにし（金目窓口）","2591201","神奈川県平塚市南金目880-103","0463-59-5544","広川・千須谷・片岡・南金目・北金目・真田","https://www.city.hiratsuka.kanagawa.jp/fukushi/page-c_01707.html","2026-08-31"
"神奈川県","平塚市","平塚市高齢者よろず相談センターひらつかにし（土沢窓口）","2591205","神奈川県平塚市土屋2198-7","0463-73-5848","土屋・上吉沢・下吉沢・めぐみが丘","https://www.city.hiratsuka.kanagawa.jp/fukushi/page-c_01707.html","2026-08-31"
"神奈川県","平塚市","平塚市高齢者よろず相談センター富士白苑","2540826","神奈川県平塚市唐ケ原1","0463-61-5050","唐ケ原・撫子原・黒部丘・花水台・虹ケ浜・桃浜町・龍城ケ丘・八重咲町・松風町・袖ケ浜・菫平","https://www.city.hiratsuka.kanagawa.jp/fukushi/page-c_01707.html","2026-08-31"
"神奈川県","平塚市","平塚市高齢者よろず相談センターふじみ","2540054","神奈川県平塚市中里11-17 SSビル1階","0463-30-5010","桜ケ丘・上平塚・達上ケ丘・諏訪町・中里・富士見町・豊原町・平塚","https://www.city.hiratsuka.kanagawa.jp/fukushi/page-c_01707.html","2026-08-31"
"神奈川県","平塚市","平塚市高齢者よろず相談センターまつがおか","2540077","神奈川県平塚市東中原2-2-59","0463-35-4465","東中原・新町・大原・中原の一部（3丁目1〜19番）","https://www.city.hiratsuka.kanagawa.jp/fukushi/page-c_01707.html","2026-08-31"
"神奈川県","平塚市","平塚市高齢者よろず相談センターみなと","2540806","神奈川県平塚市夕陽ケ丘55-14","0463-73-5422","高浜台・夕陽ケ丘・千石河岸・札場町・幸町・代官町・久領堤","https://www.city.hiratsuka.kanagawa.jp/fukushi/page-c_01707.html","2026-08-31"
"神奈川県","平塚市","平塚市高齢者よろず相談センターゆりのき","2540046","神奈川県平塚市立野町31-20","0463-33-2334","立野町・見附町・錦町・浅間町・紅谷町・明石町・宮松町・宮の前・宝町・追分・老松町・八千代町・天沼・堤町・中堂・榎木町・馬入本町・馬入・長瀞・須賀","https://www.city.hiratsuka.kanagawa.jp/fukushi/page-c_01707.html","2026-08-31"
"東京都","調布市","はなみずき","1820011","東京都調布市深大寺北町4丁目17番地7","042-441-5763","深大寺東町1～2丁目・深大寺北町・深大寺南町・深大寺元町・佐須町1丁目15～40","https://www.city.chofu.lg.jp/060030/p033040.html","2026-09-06"
"東京都","調布市","ちょうふの里","1820032","東京都調布市西町290番地5","042-441-6655","富士見町・野水・西町・下石原・上石原・飛田給","https://www.city.chofu.lg.jp/060030/p033040.html","2026-09-06"
"東京都","調布市","ちょうふの里サブセンター","1820035","東京都調布市上石原2丁目11番地3","042-444-5151","富士見町・野水・西町・下石原・上石原・飛田給","https://www.city.chofu.lg.jp/060030/p033040.html","2026-09-06"
"東京都","調布市","ちょうふ花園","1820026","東京都調布市小島町2丁目45番地22","042-484-2285","深大寺元町1丁目・調布ケ丘・布田1～4丁目・小島町・下石原・多摩川1～5丁目","https://www.city.chofu.lg.jp/060030/p033040.html","2026-09-06"
"東京都","調布市","ゆうあい","1820022","東京都調布市国領町3丁目8番地15","042-481-4973","国領町1～5丁目・国領町8丁目・八雲台・佐須町・調布ケ丘・布田2～3丁目","https://www.chofu-yu-ai.or.jp/soudan/houkatsusien.html","2026-09-06"
"東京都","調布市","ゆうあいサブセンター","1820015","東京都調布市八雲台1-22-1","042-484-8011","国領町1～5丁目・国領町8丁目・八雲台・佐須町・調布ケ丘・布田2～3丁目","https://www.chofu-yu-ai.or.jp/soudan/houkatsusien.html","2026-09-06"
"東京都","調布市","至誠しばさき","1820014","東京都調布市柴崎1丁目6番地8","042-488-1300","西つつじケ丘・深大寺東町・深大寺元町・深大寺南町・柴崎・佐須町・調布ケ丘・菊野台","http://www.shisei.or.jp/service/chiiki_shibasaki/index.html","2026-09-06"
"東京都","調布市","ときわぎ国領","1820022","東京都調布市国領町7-32-2","050-5540-0860","国領町6～7丁目・布田5～6丁目・染地・多摩川6～7丁目","https://www.city.chofu.lg.jp/060030/p033040.html","2026-09-06"
"東京都","調布市","つつじケ丘","1820005","東京都調布市東つつじヶ丘1-5-2","03-5315-5400","緑ケ丘・仙川町・若葉町・西つつじケ丘・東つつじヶ丘・菊野台","https://www.city.chofu.lg.jp/060030/p033040.html","2026-09-06"
"東京都","調布市","仙川","1820003","東京都調布市若葉町2丁目22番地2","03-5314-0030","若葉町・入間町・東つつじヶ丘・西つつじケ丘・菊野台・国領町8丁目","https://www.city.chofu.lg.jp/060030/p033040.html","2026-09-06"
"東京都","三鷹市","東部高齢者なんでも相談センター","1810013","東京都三鷹市下連雀5-2-5 弘済ケアセンター内","0422-48-8855","牟礼・北野・新川2～3丁目","https://www.city.mitaka.lg.jp/c_service/000/000934.html","2026-09-06"
"東京都","三鷹市","井の頭高齢者なんでも相談センター","1810002","東京都三鷹市牟礼6-12-30 三鷹市牟礼老人保健施設はなかいどう内","0422-44-7400","井の頭","https://www.city.mitaka.lg.jp/c_service/000/000934.html","2026-09-06"
"東京都","三鷹市","連雀高齢者なんでも相談センター","1810013","東京都三鷹市下連雀8-3-6 野村病院内","0422-40-2635","下連雀5～9丁目・上連雀6～9丁目・野崎1丁目","https://www.city.mitaka.lg.jp/c_service/000/000934.html","2026-09-06"
"東京都","三鷹市","三鷹駅周辺高齢者なんでも相談センター","1810013","東京都三鷹市下連雀4-2-8 介護老人保健施設太郎内","0422-76-4500","下連雀1～4丁目・上連雀1～5丁目","https://www.city.mitaka.lg.jp/c_service/000/000934.html","2026-09-06"
"東京都","三鷹市","西部高齢者なんでも相談センター","1810016","東京都三鷹市深大寺2-29-13 高齢者センターけやき苑内","0422-34-6536","井口・深大寺・野崎2～4丁目","https://www.city.mitaka.lg.jp/c_service/000/000934.html","2026-09-06"
"東京都","三鷹市","大沢高齢者なんでも相談センター","1810015","東京都三鷹市大沢4-8-8 福祉Laboどんぐり山内","0422-33-2287","大沢","https://www.city.mitaka.lg.jp/c_service/000/000934.html","2026-09-06"
"東京都","三鷹市","新川中原高齢者なんでも相談センター","1810004","東京都三鷹市新川5-6-31 特別養護老人ホームみたか紫水園内","0422-40-7204","中原・新川1・4～6丁目","https://www.city.mitaka.lg.jp/c_service/000/000934.html","2026-09-06"
"東京都","府中市","泉苑","1830042","東京都府中市武蔵台1-10","042-366-0171","北山町・西原町・武蔵台","https://www.city.fuchu.tokyo.jp/shisetu/fukushi/chikihoukatu/about/gaiyou.html","2026-09-06"
"東京都","府中市","よつや苑","1830035","東京都府中市四谷3-66","042-334-8141","四谷","https://www.city.fuchu.tokyo.jp/shisetu/fukushi/chikihoukatu/about/gaiyou.html","2026-09-06"
"東京都","府中市","あさひ苑","1830003","東京都府中市朝日町3-17-1","042-369-0080","朝日町・多磨町・紅葉丘・若松町3～5丁目","https://www.city.fuchu.tokyo.jp/shisetu/fukushi/chikihoukatu/about/gaiyou.html","2026-09-06"
"東京都","府中市","安立園","1830057","東京都府中市晴見町1-11-2","042-367-0550","寿町・幸町・天神町1・2丁目・八幡町・晴見町1・2丁目・日吉町・府中町・緑町・宮西町1丁目・宮町","https://www.city.fuchu.tokyo.jp/shisetu/fukushi/chikihoukatu/about/gaiyou.html","2026-09-06"
"東京都","府中市","おしたて","1830012","東京都府中市押立町2-26-23","042-363-1661","押立町・車返団地","https://www.city.fuchu.tokyo.jp/shisetu/fukushi/chikihoukatu/about/gaiyou.html","2026-09-06"
"東京都","府中市","かたまち","1830021","東京都府中市片町2-14-5","042-336-5831","片町・日鋼町・分梅町1丁目・本町・宮西町2～5丁目・美好町・矢崎町","https://www.city.fuchu.tokyo.jp/shisetu/fukushi/chikihoukatu/about/gaiyou.html","2026-09-06"
"東京都","府中市","しんまち","1830052","東京都府中市新町1-63-24","042-340-5060","栄町・新町・浅間町・天神町3・4丁目・晴見町3・4丁目","https://www.city.fuchu.tokyo.jp/shisetu/fukushi/chikihoukatu/about/gaiyou.html","2026-09-06"
"東京都","府中市","白糸台","1830011","東京都府中市白糸台3-40-6","042-407-8080","小柳町1・3丁目・清水が丘3丁目・白糸台(車返団地除く)・若松町1・2丁目","https://www.city.fuchu.tokyo.jp/shisetu/fukushi/chikihoukatu/about/gaiyou.html","2026-09-06"
"東京都","府中市","にしふ","1830031","東京都府中市西府町2-24-6","042-360-1380","東芝町・西府町・日新町・本宿町","https://www.city.fuchu.tokyo.jp/shisetu/fukushi/chikihoukatu/about/gaiyou.html","2026-09-06"
"東京都","府中市","これまさ","1830014","東京都府中市是政2-38-1","042-314-0451","小柳町2・4～6丁目・是政・清水が丘1・2丁目","https://www.city.fuchu.tokyo.jp/shisetu/fukushi/chikihoukatu/about/gaiyou.html","2026-09-06"
"東京都","府中市","みなみ町","1830026","東京都府中市南町4-43-106","042-336-1250","住吉町・分梅町2～5丁目・南町","https://www.city.fuchu.tokyo.jp/shisetu/fukushi/chikihoukatu/about/gaiyou.html","2026-09-06"
"東京都","小金井市","小金井きた","1840005","東京都小金井市桜町1丁目9番5号 桜町高齢者在宅サービスセンター内1階","042-388-2440","梶野町・関野町・緑町・本町2・3丁目・桜町1・3丁目","https://www.city.koganei.lg.jp/kenkofukuhsi/koreishafukushi/chiikihoukatsu/houkatushien.html","2026-09-06"
"東京都","小金井市","小金井みなみ","1840013","東京都小金井市前原町5丁目3番24号 小金井あんず苑内","042-388-8400","前原町・貫井南町・本町6丁目","https://www.city.koganei.lg.jp/kenkofukuhsi/koreishafukushi/chiikihoukatsu/houkatushien.html","2026-09-06"
"東京都","小金井市","小金井ひがし","1840012","東京都小金井市中町2丁目15番25号 特別養護老人ホームつきみの園内","042-386-6514","東町・中町・本町1丁目","https://www.city.koganei.lg.jp/kenkofukuhsi/koreishafukushi/chiikihoukatsu/houkatushien.html","2026-09-06"
"東京都","小金井市","小金井にし","1840004","東京都小金井市本町4丁目7番8号 カーメスト武蔵小金井1号棟","042-386-7373","本町4・5丁目・桜町2丁目・貫井北町","https://www.city.koganei.lg.jp/kenkofukuhsi/koreishafukushi/chiikihoukatsu/houkatushien.html","2026-09-06"
"東京都","国分寺市","もとまち","1850022","東京都国分寺市東元町2-5-17 さわやかプラザもとまち1階","042-401-0035","東元町・西元町・南町","https://www.city.kokubunji.tokyo.jp/shisetsu/hoken/soudan/1003861.html","2026-09-06"
"東京都","国分寺市","ひかり","1850034","東京都国分寺市光町3-13-34 国分寺ひかり診療所3階","042-573-4058","光町・高木町・西町","https://www.city.kokubunji.tokyo.jp/shisetsu/hoken/soudan/1003860.html","2026-09-06"
"東京都","国分寺市","こいがくぼ","1850013","東京都国分寺市西恋ケ窪1-50-1 にんじんホーム1階","042-300-6024","泉町・西恋ケ窪・東戸倉","https://www.city.kokubunji.tokyo.jp/shisetsu/hoken/soudan/1003857.html","2026-09-06"
"東京都","国分寺市","なみき","1850005","東京都国分寺市並木町3-12-2 至誠ホームミンナ1階","042-300-3702","富士本・新町・並木町・北町","https://www.city.kokubunji.tokyo.jp/shisetsu/hoken/soudan/1003858.html","2026-09-06"
"東京都","国分寺市","ひよし","1850032","東京都国分寺市日吉町4-32-6 うれしのの里1階","042-300-1405","戸倉・日吉町・内藤","https://www.city.kokubunji.tokyo.jp/shisetsu/hoken/soudan/1003856.html","2026-09-06"
"東京都","国分寺市","ほんだ","1850011","東京都国分寺市本多2丁目3番3号 国分寺市商工会館3階","042-300-2339","本町・本多・東恋ケ窪","https://www.city.kokubunji.tokyo.jp/shisetsu/hoken/soudan/1003859.html","2026-09-06"
"東京都","国立市","地域包括支援センター(本庁)","1860003","東京都国立市富士見台2-47-1 国立市役所内","042-576-2123","青柳・石田・泉・北・中・西・東・富士見台・矢川・谷保","https://www.city.kunitachi.tokyo.jp/soshiki/Dept03/Div03/Sec03/gyomu/0148/1576460952988.html","2026-09-06"
"東京都","国立市","北窓口","1860001","東京都国立市北3-2-1 5号棟1階","042-573-4661","北・西","https://www.city.kunitachi.tokyo.jp/soshiki/Dept03/Div03/Sec03/gyomu/0148/1576460952988.html","2026-09-06"
"東京都","国立市","福祉会館窓口","1860003","東京都国立市富士見台2-38-5","042-580-1294","東・中・富士見台1～3丁目","https://www.city.kunitachi.tokyo.jp/soshiki/Dept03/Div03/Sec03/gyomu/0148/1576460952988.html","2026-09-06"
"東京都","国立市","泉窓口","1860012","東京都国立市泉3-1-6","042-577-6888","富士見台4丁目・谷保・青柳・石田・泉・矢川","https://www.city.kunitachi.tokyo.jp/soshiki/Dept03/Div03/Sec03/gyomu/0148/1576460952988.html","2026-09-06"
"東京都","日野市","もぐさ","1910034","東京都日野市落川1070","042-599-0536","百草・落川・三沢2丁目・三沢1289～1294番地","https://www.city.hino.lg.jp/fukushi/kourei/1009507/1003574.html","2026-09-06"
"東京都","日野市","あさかわ","1910031","東京都日野市高幡651番地の5 高幡マンション第2 1階","042-593-1919","高幡・三沢1・3・4・5丁目・新井・程久保1～8丁目","https://www.city.hino.lg.jp/fukushi/kourei/1009507/1003574.html","2026-09-06"
"東京都","日野市","すてっぷ","1910053","東京都日野市豊田3丁目1番地の8 プレシス豊田1階","042-582-7367","豊田・東豊田・旭が丘2・5・6丁目・多摩平1・2丁目・富士町","https://www.city.hino.lg.jp/fukushi/kourei/1009507/1003574.html","2026-09-06"
"東京都","日野市","あいりん","1910062","東京都日野市多摩平6丁目31番地の7","042-586-9141","多摩平3～7丁目・日野台4・5丁目・大坂上","https://www.city.hino.lg.jp/fukushi/kourei/1009507/1003574.html","2026-09-06"
"東京都","日野市","せせらぎ","1910011","東京都日野市日野本町6丁目3番地の17","042-589-3560","日野本町・神明・日野台1・2・3丁目・栄町・新町","https://www.city.hino.lg.jp/fukushi/kourei/1009507/1003574.html","2026-09-06"
"東京都","日野市","多摩川苑","1910024","東京都日野市万願寺1丁目16番地の1","042-582-1707","万願寺・上田・川辺堀之内・日野・宮・石田","https://www.city.hino.lg.jp/fukushi/kourei/1009507/1003574.html","2026-09-06"
"東京都","日野市","いきいきタウン","1910054","東京都日野市東平山3丁目1番地の1","042-585-7071","東平山2・3丁目・平山","https://www.city.hino.lg.jp/fukushi/kourei/1009507/1003574.html","2026-09-06"
"東京都","日野市","すずらん","1910041","東京都日野市南平7丁目18番地の28 小林ビル1階B","042-599-5531","南平","https://www.city.hino.lg.jp/fukushi/kourei/1009507/1003574.html","2026-09-06"
"東京都","日野市","かわきた","1910055","東京都日野市西平山1丁目12番地の1","042-589-1710","旭が丘1・3・4丁目・西平山・東平山1丁目","https://www.city.hino.lg.jp/fukushi/kourei/1009507/1003574.html","2026-09-06"
"東京都","八王子市","旭町","1920083","東京都八王子市旭町8-10 比留間ビル3階","042-648-8331","旭町・東町・新町・田町・中町・本町・三崎町・南町・明神町1～4丁目・元横山町1～3丁目・八日町・横山町","https://www.city.hachioji.tokyo.jp/kurashi/welfare/004/005/chikihoukatsushien/p018114.html","2026-09-06"
"東京都","八王子市","高尾","1930834","東京都八王子市東浅川町551-1 東浅川保健福祉センター3階","042-668-2288","裏高尾町・高尾町・廿里町・西浅川町・狭間町・初沢町・東浅川町・南浅川町","https://www.city.hachioji.tokyo.jp/kurashi/welfare/004/005/chikihoukatsushien/p018114.html","2026-09-06"
"東京都","八王子市","加住","1920004","東京都八王子市加住町1丁目170番地2 加住事務所内","042-692-3211","梅坪町・尾崎町・加住町1～2丁目・左入町・高月町・滝山町1～2丁目・丹木町1～3丁目・戸吹町・中野山王2丁目8番地・みつい台1～2丁目・宮下町・谷野町","https://www.city.hachioji.tokyo.jp/kurashi/welfare/004/005/chikihoukatsushien/p018114.html","2026-09-06"
"東京都","八王子市","中野","1920041","東京都八王子市中野上町4-27-4 ボナールHONDA1階","042-620-0860","暁町1～3丁目・清川町・中野上町1～5丁目・中野山王1～3丁目・中野町","https://www.city.hachioji.tokyo.jp/kurashi/welfare/004/005/chikihoukatsushien/p018114.html","2026-09-06"
"東京都","八王子市","南大沢","1920364","東京都八王子市南大沢3-8 都営多摩ニュータウン南大沢団地1号棟1階","042-678-1880","別所1～2丁目・松木・南大沢1～5丁目・鑓水・鑓水2丁目","https://www.city.hachioji.tokyo.jp/kurashi/welfare/004/005/chikihoukatsushien/p018114.html","2026-09-06"
"東京都","八王子市","めじろ","1930833","東京都八王子市めじろ台2-55-5","042-669-3070","散田町1～5丁目・めじろ台1～4丁目・山田町","https://www.city.hachioji.tokyo.jp/kurashi/welfare/004/005/chikihoukatsushien/p018114.html","2026-09-06"
"東京都","八王子市","長沼","1920907","東京都八王子市長沼町1302-1 都営長沼第二アパート16号棟1階","042-648-4340","打越町・北野台1～5丁目・北野町・絹ケ丘1～3丁目・長沼町","https://www.city.hachioji.tokyo.jp/kurashi/welfare/004/005/chikihoukatsushien/p018114.html","2026-09-06"
"東京都","八王子市","川口","1930801","東京都八王子市川口町908-1 川口事務所内","042-654-5475","犬目町・上川町・川口町・楢原町","https://www.city.hachioji.tokyo.jp/kurashi/welfare/004/005/chikihoukatsushien/p018114.html","2026-09-06"
"東京都","八王子市","元八王子","1930816","東京都八王子市大楽寺町419番地1 元八王子事務所内","042-623-1021","上壱分方町・川町・諏訪町・大楽寺町・弐分方町・四谷町","https://www.city.hachioji.tokyo.jp/kurashi/welfare/004/005/chikihoukatsushien/p018114.html","2026-09-06"
"東京都","八王子市","由井","1920914","東京都八王子市片倉町119番地4 由井事務所内","042-632-6331","宇津貫町・片倉町・小比企町・七国1～6丁目・西片倉1～2丁目・兵衛1～2丁目・みなみ野1～6丁目・打越町1481番地・打越町1491番地・打越町1499番地・打越町1577番地・打越町1589番地","https://www.city.hachioji.tokyo.jp/kurashi/welfare/004/005/chikihoukatsushien/p018114.html","2026-09-06"
"東京都","八王子市","由木","1920372","東京都八王子市下柚木2丁目10番6号 由木事務所内","042-679-1114","上柚木・上柚木2～3丁目・越野・下柚木・下柚木2～3丁目・中山・南陽台1～3丁目・堀之内・堀之内2～3丁目","https://www.city.hachioji.tokyo.jp/kurashi/welfare/004/005/chikihoukatsushien/p018114.html","2026-09-06"
"東京都","八王子市","長房","1930824","東京都八王子市長房町340番地12 コピオ長房2階","042-629-2530","城山手1～2丁目・長房町・並木町","https://www.city.hachioji.tokyo.jp/kurashi/welfare/004/005/chikihoukatsushien/p018114.html","2026-09-06"
"東京都","八王子市","子安","1920904","東京都八王子市子安町4-7-1 サザンスカイタワー八王子4階 八王子駅南口総合事務所内","042-649-6020","上野町・子安町1～4丁目・台町1丁目・寺町・天神町・緑町・南新町・万町","https://www.city.hachioji.tokyo.jp/kurashi/welfare/004/005/chikihoukatsushien/p018114.html","2026-09-06"
"東京都","八王子市","もとはち南","1930826","東京都八王子市元八王子町2-1964-2 宮崎ビル101","042-673-6241","泉町・叶谷町・川町・大楽寺町・長房町・弐分方町・元八王子町1～3丁目・横川町・四谷町","https://www.city.hachioji.tokyo.jp/kurashi/welfare/004/005/chikihoukatsushien/p018114.html","2026-09-06"
"東京都","八王子市","館","1930944","東京都八王子市館町156番地 館事務所内","042-673-6425","大船町・椚田町・館町・寺田町","https://www.city.hachioji.tokyo.jp/kurashi/welfare/004/005/chikihoukatsushien/p018114.html","2026-09-06"
"東京都","八王子市","大横","1920062","東京都八王子市大横町11-35 大横保健福祉センター4階","042-634-8666","大横町・小門町・台町2～4丁目・八幡町・平岡町・本郷町・八木町","https://www.city.hachioji.tokyo.jp/kurashi/welfare/004/005/chikihoukatsushien/p018114.html","2026-09-06"
"東京都","八王子市","恩方","1920154","東京都八王子市下恩方町3395 恩方事務所内","042-659-0314","小津町・上恩方町・下恩方町・西寺方町・美山町","https://www.city.hachioji.tokyo.jp/kurashi/welfare/004/005/chikihoukatsushien/p018114.html","2026-09-06"
"東京都","八王子市","由木東","1920353","東京都八王子市鹿島111番地1 由木東事務所内","042-689-6070","大塚・鹿島・東中野・松が谷","https://www.city.hachioji.tokyo.jp/kurashi/welfare/004/005/chikihoukatsushien/p018114.html","2026-09-06"
"東京都","八王子市","石川","1920032","東京都八王子市石川町481番地 石川事務所内","042-631-0071","石川町・宇津木町・大谷町・久保山町1～2丁目・小宮町・平町・高倉町・丸山町","https://www.city.hachioji.tokyo.jp/kurashi/welfare/004/005/chikihoukatsushien/p018114.html","2026-09-06"
"東京都","八王子市","大和田","1920045","東京都八王子市大和田町4丁目5番4号 グローイングシティ大和田J002号","042-649-3280","大谷町・大和田町1～7丁目・富士見町","https://www.city.hachioji.tokyo.jp/kurashi/welfare/004/005/chikihoukatsushien/p018114.html","2026-09-06"
"東京都","八王子市","追分","1920056","東京都八王子市追分町7番17号 シティーコート西八王子1階","042-686-1713","追分町・千人町1～4丁目・日吉町・元本郷町1～4丁目","https://www.city.hachioji.tokyo.jp/kurashi/welfare/004/005/chikihoukatsushien/p018114.html","2026-09-06"
"東京都","小平市","けやきの郷","1870032","東京都小平市小川町1-485 介護老人保健施設けやきの郷内","042-349-2321","栄町1～3丁目・中島町・小川町1丁目・たかの台・津田町1丁目・上水新町1～3丁目・上水本町1丁目","https://www.city.kodaira.tokyo.jp/kurashi/002/002645.html","2026-09-06"
"東京都","小平市","たかの台出張所","1870025","東京都小平市津田町1-7-10 シティホーム鷹の台#4 1階","042-316-3367","栄町1～3丁目・中島町・小川町1丁目・たかの台・津田町1丁目・上水新町1～3丁目・上水本町1丁目","https://www.city.kodaira.tokyo.jp/kurashi/002/002645.html","2026-09-06"
"東京都","小平市","小川ホーム","1870035","東京都小平市小川西町2-35-2 特別養護老人ホーム小川ホーム内","042-347-6033","小川西町1～5丁目・小川東町1～5丁目・津田町2～3丁目・学園西町1～3丁目・上水本町2～6丁目","https://www.city.kodaira.tokyo.jp/kurashi/002/002645.html","2026-09-06"
"東京都","小平市","四小通り出張所","1870025","東京都小平市津田町3-38-7","042-347-6600","小川西町1～5丁目・小川東町1～5丁目・津田町2～3丁目・学園西町1～3丁目・上水本町2～6丁目","https://www.city.kodaira.tokyo.jp/kurashi/002/002645.html","2026-09-06"
"東京都","小平市","中央センター(基幹型)","1870032","東京都小平市小川町2-1333 健康福祉事務センター内","042-345-0691","小川東町・小川町2丁目・学園東町1丁目","https://www.city.kodaira.tokyo.jp/kurashi/002/002645.html","2026-09-06"
"東京都","小平市","多摩済生ケアセンター","1870041","東京都小平市美園町3-12-1 多摩済生ケアセンター内","042-349-2123","美園町1～3丁目・大沼町1～7丁目・仲町・学園東町2～3丁目・喜平町1～3丁目・上水南町1～4丁目","https://www.city.kodaira.tokyo.jp/kurashi/002/002645.html","2026-09-06"
"東京都","小平市","喜平橋出張所","1870021","東京都小平市上水南町2-23-20 フェアヴュー1階","042-359-2831","美園町1～3丁目・大沼町1～7丁目・仲町・学園東町2～3丁目・喜平町1～3丁目・上水南町1～4丁目","https://www.city.kodaira.tokyo.jp/kurashi/002/002645.html","2026-09-06"
"東京都","小平市","小平健成苑","1870011","東京都小平市鈴木町2-230-3 特別養護老人ホーム小平健成苑内","042-451-8813","花小金井1～8丁目・天神町1～4丁目・鈴木町1～2丁目・花小金井南町1～3丁目・回田町・御幸町","https://www.city.kodaira.tokyo.jp/kurashi/002/002645.html","2026-09-06"
"東京都","小平市","花小金井出張所","1870002","東京都小平市花小金井1-17-1 花小金井R-CourtⅡ4階","042-468-5143","花小金井1～8丁目・天神町1～4丁目・鈴木町1～2丁目・花小金井南町1～3丁目・回田町・御幸町","https://www.city.kodaira.tokyo.jp/kurashi/002/002645.html","2026-09-06"
"東京都","東村山市","北部地域包括支援センター","1890021","東京都東村山市諏訪町2丁目26番地1 東京ばんなん白光園内","042-397-5123","廻田町・多摩湖町・諏訪町・野口町","https://www.city.higashimurayama.tokyo.jp/shisetsu/korei/chiiki/hokubu.html","2026-09-06"
"東京都","東村山市","西部地域包括支援センター","1890024","東京都東村山市富士見町2丁目1番地2 万寿園内","042-397-1091","美住町・富士見町","https://www.city.higashimurayama.tokyo.jp/shisetsu/korei/chiiki/seibu.html","2026-09-06"
"東京都","東村山市","南部地域包括支援センター","1890012","東京都東村山市萩山町3丁目31番地2 グリーン・ボイス内","042-390-2211","萩山町・栄町","https://www.city.higashimurayama.tokyo.jp/shisetsu/korei/chiiki/nanbu.html","2026-09-06"
"東京都","東村山市","中部地域包括支援センター","1890022","東京都東村山市野口町1丁目25番地15 東村山市社会福祉協議会内","042-394-6662","本町・久米川町・恩多町","https://www.city.higashimurayama.tokyo.jp/shisetsu/korei/chiiki/chubu.html","2026-09-06"
"東京都","東村山市","東部地域包括支援センター","1890001","東京都東村山市秋津町1丁目32番地18 はるびの郷内","042-392-6388","秋津町・青葉町","https://www.city.higashimurayama.tokyo.jp/shisetsu/korei/chiiki/tobu.html","2026-09-06"
"東京都","東大和市","高齢者ほっと支援センターいもくぼ","2070033","東京都東大和市芋窪3-1611-1","042-563-8777","芋窪・蔵敷・奈良橋・上北台・立野","https://www.city.higashiyamato.lg.jp/kenkofukushi/koureisha/1002925/1002928.html","2026-09-06"
"東京都","東大和市","高齢者ほっと支援センターきよはら","2070011","東京都東大和市清原1-1 34号棟1階","042-590-1138","仲原・清原・新堀・向原1丁目・向原2丁目・向原4丁目・向原5丁目","https://www.city.higashiyamato.lg.jp/kenkofukushi/koureisha/1002925/1002928.html","2026-09-06"
"東京都","東大和市","高齢者ほっと支援センターなんがい","2070014","東京都東大和市南街2-49-3","042-566-8133","南街・桜が丘・向原3丁目・向原6丁目","https://www.city.higashiyamato.lg.jp/kenkofukushi/koureisha/1002925/1002928.html","2026-09-06"
"東京都","東大和市","高齢者ほっと支援センターしみず","2070004","東京都東大和市清水2-838-1","042-843-6635","多摩湖・湖畔・高木・狭山・清水・中央","https://www.city.higashiyamato.lg.jp/kenkofukushi/koureisha/1002925/1002928.html","2026-09-06"
"東京都","武蔵村山市","緑が丘地域包括支援センター","2080012","東京都武蔵村山市緑が丘1460番地 1103号棟緑が丘高齢者サービスセンター内","042-590-5151","緑が丘","https://www.city.musashimurayama.lg.jp/koureisha/soudan/1003863.html","2026-09-06"
"東京都","武蔵村山市","西部地域包括支援センター","2080023","東京都武蔵村山市伊奈平6-14-2 特別養護老人ホーム伊奈平苑内","042-560-3931","伊奈平・岸・残堀・中原・三ツ木・三ツ藤","https://www.city.musashimurayama.lg.jp/koureisha/soudan/1003863.html","2026-09-06"
"東京都","武蔵村山市","南部地域包括支援センター","2080011","東京都武蔵村山市学園4-5-1 市民総合センター内","042-590-1477","榎・大南・学園","https://www.city.musashimurayama.lg.jp/koureisha/soudan/1003863.html","2026-09-06"
"東京都","武蔵村山市","北部地域包括支援センター","2080003","東京都武蔵村山市中央2-13-1","042-516-0062","神明・中央・中藤・本町","https://www.city.musashimurayama.lg.jp/koureisha/soudan/1003863.html","2026-09-06"
"東京都","清瀬市","きよせ社協地域包括支援センター","2040011","東京都清瀬市下清戸1-212-4 清瀬市コミュニティプラザひまわり2階","042-495-5516","上清戸・中清戸・下清戸・元町","https://www.city.kiyose.lg.jp/kenkouiryouhukusi/koureisien/1014148.html","2026-09-06"
"東京都","清瀬市","きよせ信愛地域包括支援センター","2040024","東京都清瀬市梅園2-3-15 特養老人ホーム信愛の園内","042-492-1850","竹丘・梅園・野塩・松山","https://www.city.kiyose.lg.jp/kenkouiryouhukusi/koureisien/1014148.html","2026-09-06"
"東京都","清瀬市","きよせ清雅地域包括支援センター","2040003","東京都清瀬市中里5-91-2 特養老人ホーム清雅苑内","042-495-1370","中里・下宿・旭が丘","https://www.city.kiyose.lg.jp/kenkouiryouhukusi/koureisien/1014148.html","2026-09-06"
"東京都","東久留米市","東部地域包括支援センター","2030011","東京都東久留米市大門町2-10-5 東部地域センター内","042-473-9996","上の原・神宝町・金山町・氷川台・大門町・東本町・新川町・浅間町・小山1～3丁目","https://www.city.higashikurume.lg.jp/kurashi/zei/kaigo/1012303.html","2026-09-06"
"東京都","東久留米市","東部地域包括支援センター本部","2030004","東京都東久留米市氷川台2-6-6 社会福祉法人マザアス隣","042-428-7788","上の原・神宝町・金山町・氷川台・大門町・東本町・新川町・浅間町・小山1～3丁目","https://www.city.higashikurume.lg.jp/kurashi/zei/kaigo/1012303.html","2026-09-06"
"東京都","東久留米市","中部地域包括支援センター","2030052","東京都東久留米市幸町1-19-5 幸町1丁目アパート5号棟1階 幸町デイサービスセンター内","042-470-8186","学園町・ひばりが丘団地・本町・中央町・幸町1丁目・南沢・前沢1～3丁目・南町","https://www.city.higashikurume.lg.jp/kurashi/zei/kaigo/1012303.html","2026-09-06"
"東京都","東久留米市","中部地域包括支援センター本部","2030023","東京都東久留米市南沢5-18-36 特別養護老人ホームシャローム東久留米内","042-451-5121","学園町・ひばりが丘団地・本町・中央町・幸町1丁目・南沢・前沢1～3丁目・南町","https://www.city.higashikurume.lg.jp/kurashi/zei/kaigo/1012303.html","2026-09-06"
"東京都","東久留米市","西部地域包括支援センター","2030033","東京都東久留米市滝山5-22-5 西武バス滝山団地バス停前","042-472-0661","前沢4・5丁目・滝山・下里・柳窪・弥生","https://www.city.higashikurume.lg.jp/kurashi/zei/kaigo/1012303.html","2026-09-06"
"東京都","東久留米市","在宅介護支援センター","2030052","東京都東久留米市幸町3-11-10 介護老人保健施設ケア東久留米内","042-479-0803","小山4・5丁目・幸町2～5丁目・野火止・八幡町","https://www.city.higashikurume.lg.jp/kurashi/zei/kaigo/1012303.html","2026-09-06"
"東京都","西東京市","栄町地域包括支援センター","2020006","東京都西東京市栄町三丁目6番2号 保谷苑内","042-438-7090","ひばりが丘北・北町・栄町・下保谷","https://www.city.nishitokyo.lg.jp/kenko_hukusi/kaigo/shiminmuke_jyouhou/sodan.html","2026-09-06"
"東京都","西東京市","富士町地域包括支援センター","2020014","東京都西東京市富士町一丁目7番69号 高齢者センターきらら内","042-451-1203","東町・中町・富士町","https://www.city.nishitokyo.lg.jp/kenko_hukusi/kaigo/shiminmuke_jyouhou/sodan.html","2026-09-06"
"東京都","西東京市","泉町地域包括支援センター","2020011","東京都西東京市泉町二丁目1番24号 ピアライフ・アルファ1階","042-424-1200","北原町・泉町・住吉町","https://www.city.nishitokyo.lg.jp/kenko_hukusi/kaigo/shiminmuke_jyouhou/sodan.html","2026-09-06"
"東京都","西東京市","田無町地域包括支援センター","1880011","東京都西東京市田無町五丁目5番12号 田無総合福祉センター内","042-467-8850","田無町・保谷町","https://www.city.nishitokyo.lg.jp/kenko_hukusi/kaigo/shiminmuke_jyouhou/sodan.html","2026-09-06"
"東京都","西東京市","緑町地域包括支援センター","1880002","東京都西東京市緑町三丁目6番1号 田無病院内","042-461-7081","緑町・谷戸町・ひばりが丘","https://www.city.nishitokyo.lg.jp/kenko_hukusi/kaigo/shiminmuke_jyouhou/sodan.html","2026-09-06"
"東京都","西東京市","西原町地域包括支援センター","1880004","東京都西東京市西原町四丁目5番6号 西原総合教育施設内","042-451-8844","西原町・芝久保町","https://www.city.nishitokyo.lg.jp/kenko_hukusi/kaigo/shiminmuke_jyouhou/sodan.html","2026-09-06"
"東京都","西東京市","向台町地域包括支援センター","1880013","東京都西東京市向台町二丁目16番22号 フローラ田無内","042-468-2340","南町・向台町","https://www.city.nishitokyo.lg.jp/kenko_hukusi/kaigo/shiminmuke_jyouhou/sodan.html","2026-09-06"
"東京都","西東京市","新町地域包括支援センター","2020023","東京都西東京市新町一丁目11番25号 緑寿園内","042-462-1695","新町・柳沢・東伏見","https://www.city.nishitokyo.lg.jp/kenko_hukusi/kaigo/shiminmuke_jyouhou/sodan.html","2026-09-06"
"東京都","昭島市","東部地域包括支援センター(竹口病院)","1960034","東京都昭島市玉川町4-9-22 イーストテラス・サブスリー1階","042-545-9204","築地町・福島町・郷地町・玉川町・東町・もくせいの杜","https://www.city.akishima.lg.jp/kenko/korei/1003087.html","2026-09-06"
"東京都","昭島市","西部地域包括支援センター(愛全園)","1960002","東京都昭島市拝島町3-10-4 拝島町高齢者福祉センター内","042-519-5830","拝島町・緑町・松原町","https://www.city.akishima.lg.jp/kenko/korei/1003087.html","2026-09-06"
"東京都","昭島市","中部地域包括支援センター(あいぽっく)","1960015","東京都昭島市昭和町1-6-11 昭和町分室2階","042-505-7681","朝日町・昭和町・中神町","https://www.city.akishima.lg.jp/kenko/korei/1003087.html","2026-09-06"
"東京都","昭島市","南部地域包括支援センター(愛全園)","1960014","東京都昭島市田中町2-25-3","042-513-7651","田中町・大神町・上川原町・中神町・宮沢町","https://www.city.akishima.lg.jp/kenko/korei/1003087.html","2026-09-06"
"東京都","昭島市","北部地域包括支援センター(ハピネス昭和の森)","1960005","東京都昭島市代官山1-2-1","042-519-6967","美堀町・つつじが丘・武蔵野・大神町・宮沢町・代官山","https://www.city.akishima.lg.jp/kenko/korei/1003087.html","2026-09-06"
"東京都","福生市","福生市地域包括支援センター加美","1970012","東京都福生市加美平三丁目6番地10 メゾン加美平103","042-553-3720","牛浜第一・志茂第一・志茂第二・本町第一・本町・本町中央・本町第六・永田・長沢・加美・加美平","https://www.city.fussa.tokyo.jp/life/health/elderlypeople/1020205.html","2026-09-06"
"東京都","福生市","福生市地域包括支援センター武蔵野","1970011","東京都福生市大字福生2269番地4 ポニービル2F","042-553-6695","牛浜第二・原々谷戸・本町第七・本町第八第一・本町第八第二・武蔵野台1丁目","https://www.city.fussa.tokyo.jp/life/health/elderlypeople/1020205.html","2026-09-06"
"東京都","福生市","福生市地域包括支援センター熊川","1970004","東京都福生市南田園二丁目13番地1 福祉センター2階","042-510-2945","福生熊川住宅・南・内出・武蔵野・南田園1丁目・南田園2丁目・南田園3丁目・富士見台・福栄・福東・玉川台・福生団地・鍋々谷戸第一・鍋々谷戸第二・熊川牛浜","https://www.city.fussa.tokyo.jp/life/health/elderlypeople/1020205.html","2026-09-06"
"東京都","羽村市","地域包括支援センターあさひ","2050013","東京都羽村市富士見平1-3-1 エムマンション1階A号室","042-555-8815","緑ケ丘・富士見平・神明台3・4丁目・双葉町・五ノ神(300番地台)・羽(4000番地台)・川崎(600番地台)","https://www.city.hamura.tokyo.jp/0000001239.html","2026-09-06"
"東京都","羽村市","地域包括支援センターあゆみ","2050001","東京都羽村市小作台3-8-4 宮本ハイツ103号室","042-570-1200","栄町・小作台・羽西・羽加美・羽中","https://www.city.hamura.tokyo.jp/0000001239.html","2026-09-06"
"東京都","羽村市","地域包括支援センターあかしあ","2050024","東京都羽村市玉川2-6-6 介護老人保健施設あかしあの里内","042-578-5508","五ノ神1丁目～4丁目・神明台1・2丁目・川崎・羽東・玉川・羽(清流地区)","https://www.city.hamura.tokyo.jp/0000001239.html","2026-09-06"
"東京都","あきる野市","東部高齢者はつらつセンター","1970812","東京都あきる野市平沢175-4 秋川ふれあいセンター内1階","042-533-2311","雨間・野辺・小川・小川東1～3丁目・二宮・二宮東1～3丁目・平沢・平沢東1丁目・平沢西1丁目・切欠・秋留1～5丁目","https://www.city.akiruno.tokyo.jp/0000005078.html","2026-09-06"
"東京都","あきる野市","中部高齢者はつらつセンター","1970804","東京都あきる野市秋川5丁目1番地8 あきる台在宅医療福祉センター2階","042-550-6101","草花・菅生・瀬戸岡・原小宮1・2丁目・引田・渕上・上代継・下代継・牛沼・油平・秋川1～5丁目","https://www.city.akiruno.tokyo.jp/0000005078.html","2026-09-06"
"東京都","あきる野市","五日市はつらつセンター","1900164","東京都あきる野市五日市411 五日市出張所内1階","042-588-4400","山田・上ノ台・網代・伊奈・横沢・三内・五日市・小中野・小和田・留原・高尾・舘谷・入野・深沢・戸倉・乙津・養沢・小峰台・舘谷台","https://www.city.akiruno.tokyo.jp/0000005078.html","2026-09-06"
"東京都","青梅市","青梅市地域包括支援センターすみえ","1980084","東京都青梅市住江町66","0428-78-3442","勝沼・西分町・住江町・本町・仲町・上町・森下町・裏宿町・天ケ瀬町・滝ノ上町・大柳町・日向和田・東青梅・根ケ布・師岡町","https://www.city.ome.tokyo.jp/soshiki/30/587.html","2026-09-06"
"東京都","青梅市","青梅市地域包括支援センターうめぞの","1980053","東京都青梅市駒木町3-594-1","0428-24-2882","駒木町・長淵・友田町・千ケ瀬町・河辺町・畑中・和田町・梅郷・柚木町・二俣尾・沢井・御岳本町・御岳・御岳山","https://www.city.ome.tokyo.jp/soshiki/30/587.html","2026-09-06"
"東京都","青梅市","青梅市地域包括支援センターうめぞの河辺支所","1980036","東京都青梅市河辺町10-6-1 トミタワー602","0428-84-2627","駒木町・長淵・友田町・千ケ瀬町・河辺町・畑中・和田町・梅郷・柚木町・二俣尾・沢井・御岳本町・御岳・御岳山","https://www.city.ome.tokyo.jp/soshiki/30/587.html","2026-09-06"
"東京都","青梅市","青梅市地域包括支援センターすえひろ","1980025","東京都青梅市末広町1-4-5","0428-33-4477","吹上・野上町・大門・塩船・谷野・木野下・今寺・新町・末広町・藤橋・今井・富岡・小曾木・黒沢・成木","https://www.city.ome.tokyo.jp/soshiki/30/587.html","2026-09-06"
"東京都","青梅市","青梅市地域包括支援センターすえひろ野上支所","1980032","東京都青梅市野上町4-4-5 藤村ビル3階2号室","0428-78-4800","吹上・野上町・大門・塩船・谷野・木野下・今寺・新町・末広町・藤橋・今井・富岡・小曾木・黒沢・成木","https://www.city.ome.tokyo.jp/soshiki/30/587.html","2026-09-06"
"東京都","新宿区","四谷高齢者総合相談センター","1600008","東京都新宿区四谷三栄町10-16 四谷保健センター等複合施設4階","03-5367-6770","愛住町・荒木町・霞ケ丘町・片町・歌舞伎町1丁目・左門町・信濃町・新宿1丁目～4丁目・新宿5丁目・須賀町・住吉町・大京町・内藤町・舟町・南元町・四谷1丁目～4丁目・四谷坂町・四谷三栄町・四谷本塩町・若葉1丁目～3丁目","https://www.city.shinjuku.lg.jp/fukushi/kaigo01_000111.html","2026-09-06"
"東京都","新宿区","箪笥町高齢者総合相談センター","1620832","東京都新宿区北山伏町2-12 あかね苑新館内","03-3266-0753","赤城元町・揚場町・市谷加賀町1丁目・市谷加賀町2丁目・市谷甲良町・市谷砂土原町1丁目～3丁目・市谷左内町・市谷鷹匠町・市谷田町1丁目～3丁目・市谷長延寺町・市谷八幡町・市谷船河原町・市谷本村町・市谷山伏町・岩戸町・神楽河岸・神楽坂1丁目～6丁目・北町・北山伏町・細工町・下宮比町・白銀町・新小川町・箪笥町・津久戸町・筑土八幡町・中町・納戸町・西五軒町・二十騎町・払方町・東五軒町・袋町・南榎町・南町・南山伏町・矢来町・横寺町・若宮町","https://www.city.shinjuku.lg.jp/fukushi/kaigo01_000111.html","2026-09-06"
"東京都","新宿区","榎町高齢者総合相談センター","1620851","東京都新宿区弁天町50 牛込保健センター等複合施設4階","03-5227-1757","赤城下町・市谷仲之町・市谷薬王寺町・市谷柳町・榎町・改代町・河田町・喜久井町・水道町・築地町・天神町・中里町・西五軒町・馬場下町・原町1丁目～3丁目・東榎町・弁天町・山吹町・若松町・早稲田鶴巻町・早稲田町・早稲田南町・西早稲田2丁目","https://www.city.shinjuku.lg.jp/fukushi/kaigo01_000111.html","2026-09-06"
"東京都","新宿区","若松町高齢者総合相談センター","1620052","東京都新宿区戸山2-27-2 戸山シニア活動館1階","03-5292-0710","市谷台町・河田町・住吉町・富久町・余丁町・若松町・戸山1丁目・戸山2丁目・戸山3丁目・西早稲田2丁目","https://www.city.shinjuku.lg.jp/fukushi/kaigo01_000111.html","2026-09-06"
"東京都","新宿区","大久保高齢者総合相談センター","1690073","東京都新宿区百人町2-8-13 Ｆｉｓｓ1階","03-5332-5585","大久保1丁目～3丁目・歌舞伎町2丁目・新宿5丁目・新宿6丁目・新宿7丁目・百人町1丁目・百人町2丁目・百人町3丁目・余丁町・戸山3丁目","https://www.city.shinjuku.lg.jp/fukushi/kaigo01_000111.html","2026-09-06"
"東京都","新宿区","戸塚高齢者総合相談センター","1690075","東京都新宿区高田馬場1-17-20 新宿区社会福祉協議会1階","03-3203-3143","下落合1丁目・高田馬場1丁目・高田馬場2丁目・高田馬場3丁目・高田馬場4丁目・戸塚町1丁目・百人町3丁目・百人町4丁目・戸山3丁目・西早稲田1丁目・西早稲田2丁目・西早稲田3丁目","https://www.city.shinjuku.lg.jp/fukushi/kaigo01_000111.html","2026-09-06"
"東京都","新宿区","落合第一高齢者総合相談センター","1610032","東京都新宿区中落合2-5-21 聖母ホーム内","03-3953-4080","上落合1丁目・上落合2丁目・下落合1丁目・下落合2丁目～4丁目・高田馬場3丁目・中井2丁目・中落合1丁目・中落合2丁目・中落合3丁目・中落合4丁目","https://www.city.shinjuku.lg.jp/fukushi/kaigo01_000111.html","2026-09-06"
"東京都","新宿区","落合第二高齢者総合相談センター","1610034","東京都新宿区上落合2-22-19 キャンパスエール上落合2階","03-5348-8871","上落合2丁目・上落合3丁目・中井1丁目・中井2丁目・中落合1丁目・中落合3丁目・中落合4丁目・西落合1丁目～4丁目","https://www.city.shinjuku.lg.jp/fukushi/kaigo01_000111.html","2026-09-06"
"東京都","新宿区","角筈高齢者総合相談センター","1600023","東京都新宿区西新宿4-8-35 西新宿シニア活動館3階","03-5309-2136","西新宿1丁目～5丁目","https://www.city.shinjuku.lg.jp/fukushi/kaigo01_000111.html","2026-09-06"
"東京都","新宿区","柏木高齢者総合相談センター","1690074","東京都新宿区北新宿3-27-6 北新宿特別養護老人ホーム(かしわ苑)内","03-5348-9555","北新宿1丁目～4丁目・西新宿6丁目～8丁目","https://www.city.shinjuku.lg.jp/fukushi/kaigo01_000111.html","2026-09-06"
"東京都","中野区","南中野地域包括支援センター","1640013","東京都中野区弥生町5-11-26 みなみらいず内","03-5340-7885","南台・弥生町1丁目の一部・弥生町2丁目の一部・弥生町3〜6丁目","https://www.city.tokyo-nakano.lg.jp/kenko_hukushi/kourei/sodan/chikihokatsushien/tantokuiki.html","2026-09-06"
"東京都","中野区","本町地域包括支援センター","1640012","東京都中野区本町5-10-4 倶楽部千代田會館内","03-5385-3733","弥生町1丁目の一部・弥生町2丁目の一部・本町1丁目の一部・本町2丁目の一部・本町3丁目の一部・本町4丁目の一部・本町5・6丁目・中央3丁目の一部・中央4丁目の一部・中央5丁目の一部","https://www.city.tokyo-nakano.lg.jp/kenko_hukushi/kourei/sodan/chikihokatsushien/tantokuiki.html","2026-09-06"
"東京都","中野区","東中野地域包括支援センター","1640003","東京都中野区東中野1-5-1","03-3366-3318","本町1丁目の一部・本町2丁目の一部・本町3丁目の一部・本町4丁目の一部・中央1・2丁目・中央3丁目の一部・東中野1・2丁目・東中野4・5丁目・中野1丁目の一部","https://www.city.tokyo-nakano.lg.jp/kenko_hukushi/kourei/sodan/chikihokatsushien/tantokuiki.html","2026-09-06"
"東京都","中野区","中野地域包括支援センター","1640011","東京都中野区中央3-19-1 中部すこやか福祉センター内","03-3367-7802","中央3丁目の一部・中央4丁目の一部・中央5丁目の一部・東中野3丁目・中野1丁目の一部・中野2・3丁目・中野4丁目の一部・中野5丁目の一部・中野6丁目・上高田・新井1丁目の一部","https://www.city.tokyo-nakano.lg.jp/kenko_hukushi/kourei/sodan/chikihokatsushien/tantokuiki.html","2026-09-06"
"東京都","中野区","中野北地域包括支援センター","1650024","東京都中野区松が丘1-32-10 松が丘シニアプラザ内","03-5380-6005","中野4丁目の一部・中野5丁目の一部・新井1丁目の一部・新井2丁目・新井3丁目の一部・新井4・5丁目・松が丘・江原町・江古田1丁目の一部・野方1丁目の一部・野方2丁目・大和町1丁目の一部・大和町2丁目の一部","https://www.city.tokyo-nakano.lg.jp/kenko_hukushi/kourei/sodan/chikihokatsushien/tantokuiki.html","2026-09-06"
"東京都","中野区","江古田地域包括支援センター","1650022","東京都中野区江古田4-31-10 北部すこやか福祉センター内","03-3387-5550","新井3丁目の一部・沼袋・江古田1丁目の一部・江古田2〜4丁目・丸山・野方3・4丁目・野方5丁目の一部・野方6丁目の一部・若宮1丁目の一部","https://www.city.tokyo-nakano.lg.jp/kenko_hukushi/kourei/sodan/chikihokatsushien/tantokuiki.html","2026-09-06"
"東京都","中野区","鷺宮地域包括支援センター","1650033","東京都中野区若宮3-58-10 鷺宮すこやか福祉センター内","03-3310-2553","野方1丁目の一部・野方5丁目の一部・大和町1丁目の一部・大和町2丁目の一部・大和町3・4丁目・若宮1丁目の一部・若宮2・3丁目・白鷺1丁目","https://www.city.tokyo-nakano.lg.jp/kenko_hukushi/kourei/sodan/chikihokatsushien/tantokuiki.html","2026-09-06"
"東京都","中野区","上鷺宮地域包括支援センター","1650031","東京都中野区上鷺宮3-17-4 かみさぎホーム内","03-3577-8123","野方6丁目の一部・白鷺2・3丁目・鷺宮・上鷺宮","https://www.city.tokyo-nakano.lg.jp/kenko_hukushi/kourei/sodan/chikihokatsushien/tantokuiki.html","2026-09-06"
"東京都","杉並区","ケア24和田","1660012","東京都杉並区和田3-52-4 和田ふれあいの家2階","03-5305-6024","和田1丁目・2丁目・3丁目・高円寺南1丁目・5丁目","https://www.city.suginami.tokyo.jp/kusei/gaiyou/shisetsu/genre/hoken/kourei/houkatsu/index.html","2026-09-06"
"東京都","杉並区","ケア24南荻窪","1670052","東京都杉並区南荻窪2-28-13 荻窪会議室1階","03-5336-3724","荻窪1丁目・2丁目・南荻窪1丁目・2丁目・3丁目・4丁目・宮前2丁目・高井戸東4丁目","https://www.city.suginami.tokyo.jp/kusei/gaiyou/shisetsu/genre/hoken/kourei/houkatsu/index.html","2026-09-06"
"東京都","杉並区","ケア24松ノ木","1660014","東京都杉並区松ノ木3-3-4","03-3318-8530","松ノ木1丁目・2丁目・3丁目・成田東1丁目・3丁目・4丁目・大宮2丁目・阿佐谷南1丁目","https://www.city.suginami.tokyo.jp/kusei/gaiyou/shisetsu/genre/hoken/kourei/houkatsu/index.html","2026-09-06"
"東京都","杉並区","ケア24堀ノ内","1660013","東京都杉並区堀ノ内1-6-6 老人保健施設ウェルファー内","03-5305-7328","堀ノ内1丁目・大宮1丁目・和泉3丁目・4丁目・永福4丁目","https://www.city.suginami.tokyo.jp/kusei/gaiyou/shisetsu/genre/hoken/kourei/houkatsu/index.html","2026-09-06"
"東京都","杉並区","ケア24方南","1680062","東京都杉並区方南2-6-28 方南二丁目福祉施設内","03-5929-2751","方南1丁目・2丁目・和泉1丁目・2丁目","https://www.city.suginami.tokyo.jp/kusei/gaiyou/shisetsu/genre/hoken/kourei/houkatsu/index.html","2026-09-06"
"東京都","杉並区","ケア24浜田山","1680065","東京都杉並区浜田山1-36-3 浜田山会館内","03-5357-4944","浜田山1丁目・2丁目・3丁目・下高井戸4丁目・5丁目・高井戸東1丁目・3丁目・上高井戸3丁目","https://www.city.suginami.tokyo.jp/kusei/gaiyou/shisetsu/genre/hoken/kourei/houkatsu/index.html","2026-09-06"
"東京都","杉並区","ケア24西荻","1670053","東京都杉並区西荻南4-2-7 西荻窪診療所2階","03-3333-4668","松庵2丁目・3丁目・西荻南1丁目・2丁目・3丁目・4丁目・宮前3丁目","https://www.city.suginami.tokyo.jp/kusei/gaiyou/shisetsu/genre/hoken/kourei/houkatsu/index.html","2026-09-06"
"東京都","杉並区","ケア24成田","1660016","東京都杉並区成田西3-7-4","03-5307-3822","成田東2丁目・5丁目・成田西1丁目・2丁目・3丁目・4丁目・阿佐谷南3丁目・浜田山4丁目","https://www.city.suginami.tokyo.jp/kusei/gaiyou/shisetsu/genre/hoken/kourei/houkatsu/index.html","2026-09-06"
"東京都","杉並区","ケア24高井戸","1680071","東京都杉並区高井戸西1-12-1","03-3334-2495","高井戸西1丁目・2丁目・3丁目・高井戸東2丁目・上高井戸1丁目・2丁目・宮前1丁目・4丁目","https://www.city.suginami.tokyo.jp/kusei/gaiyou/shisetsu/genre/hoken/kourei/houkatsu/index.html","2026-09-06"
"東京都","杉並区","ケア24善福寺","1670042","東京都杉並区西荻北4-31-11 西荻ミキサンハイツ","03-5311-1024","善福寺1丁目・2丁目・3丁目・4丁目・西荻北3丁目・4丁目・5丁目","https://www.city.suginami.tokyo.jp/kusei/gaiyou/shisetsu/genre/hoken/kourei/houkatsu/index.html","2026-09-06"
"東京都","杉並区","ケア24下井草","1670022","東京都杉並区下井草2-44-4 ビル3階","03-5303-5341","井草1丁目・2丁目・下井草2丁目・3丁目・4丁目・5丁目","https://www.city.suginami.tokyo.jp/kusei/gaiyou/shisetsu/genre/hoken/kourei/houkatsu/index.html","2026-09-06"
"東京都","杉並区","ケア24清水","1670033","東京都杉並区清水2-15-24 特別養護老人ホームすぎなみ正吉苑内","03-5303-5823","清水1丁目・2丁目・3丁目・本天沼2丁目・3丁目・桃井1丁目・2丁目・今川1丁目・2丁目","https://www.city.suginami.tokyo.jp/kusei/gaiyou/shisetsu/genre/hoken/kourei/houkatsu/index.html","2026-09-06"
"東京都","杉並区","ケア24高円寺","1660003","東京都杉並区高円寺南4-26-16 ビクトリアプラザ高円寺4階","03-5305-6151","高円寺北1丁目・2丁目・3丁目・4丁目・高円寺南3丁目・4丁目","https://www.city.suginami.tokyo.jp/kusei/gaiyou/shisetsu/genre/hoken/kourei/houkatsu/index.html","2026-09-06"
"東京都","杉並区","ケア24久我山","1680082","東京都杉並区久我山3-47-16 特別養護老人ホームさんじゅ久我山内","03-5346-3348","久我山1丁目・2丁目・3丁目・4丁目・5丁目・松庵1丁目・宮前5丁目","https://www.city.suginami.tokyo.jp/kusei/gaiyou/shisetsu/genre/hoken/kourei/houkatsu/index.html","2026-09-06"
"東京都","杉並区","ケア24上荻","1670043","東京都杉並区上荻3-29-5 杉並会館等複合施設内","03-5303-6851","今川3丁目・4丁目・桃井3丁目・4丁目・上荻2丁目・3丁目・4丁目・西荻北1丁目・2丁目","https://www.city.suginami.tokyo.jp/kusei/gaiyou/shisetsu/genre/hoken/kourei/houkatsu/index.html","2026-09-06"
"東京都","杉並区","ケア24上井草","1670023","東京都杉並区上井草3-33-10 特別養護老人ホーム上井草園内","03-3396-0024","上井草1丁目・2丁目・3丁目・4丁目・井草3丁目・4丁目・5丁目","https://www.city.suginami.tokyo.jp/kusei/gaiyou/shisetsu/genre/hoken/kourei/houkatsu/index.html","2026-09-06"
"東京都","杉並区","ケア24荻窪","1670051","東京都杉並区荻窪5-20-1 杉並保健所5階","03-3391-0888","天沼1丁目・2丁目・3丁目・上荻1丁目・荻窪3丁目・4丁目・5丁目","https://www.city.suginami.tokyo.jp/kusei/gaiyou/shisetsu/genre/hoken/kourei/houkatsu/index.html","2026-09-06"
"東京都","杉並区","ケア24永福","1680064","東京都杉並区永福3-35-11","03-5355-5124","永福1丁目・2丁目・3丁目・下高井戸1丁目・2丁目・3丁目","https://www.city.suginami.tokyo.jp/kusei/gaiyou/shisetsu/genre/hoken/kourei/houkatsu/index.html","2026-09-06"
"東京都","杉並区","ケア24梅里","1660011","東京都杉並区梅里1-7-17 K&IIビル5階","03-5929-1924","梅里1丁目・2丁目・堀ノ内2丁目・3丁目・高円寺南2丁目","https://www.city.suginami.tokyo.jp/kusei/gaiyou/shisetsu/genre/hoken/kourei/houkatsu/index.html","2026-09-06"
"東京都","杉並区","ケア24阿佐谷","1660001","東京都杉並区阿佐谷北1-3-12 欅ビルディングB館","03-3339-1588","阿佐谷北1丁目・2丁目・3丁目・4丁目・5丁目・6丁目・阿佐谷南2丁目・下井草1丁目・本天沼1丁目","https://www.city.suginami.tokyo.jp/kusei/gaiyou/shisetsu/genre/hoken/kourei/houkatsu/index.html","2026-09-06"
"東京都","豊島区","菊かおる園高齢者総合相談センター","1700001","東京都豊島区西巣鴨2-30-19 特別養護老人ホーム菊かおる園内","03-3576-2245","巣鴨3〜5丁目・西巣鴨1〜4丁目・北大塚1・2丁目","https://www.city.toshima.lg.jp/378/kenko/koresha/sodancenter/016893/index.html","2026-09-06"
"東京都","豊島区","東部高齢者総合相談センター","1700005","東京都豊島区南大塚2-36-2","03-5319-8703","駒込1〜7丁目・巣鴨1・2丁目・南大塚1〜3丁目","https://www.city.toshima.lg.jp/378/kenko/koresha/sodancenter/016893/index.html","2026-09-06"
"東京都","豊島区","東部高齢者総合相談センター(こまごめ相談室)","1700003","東京都豊島区駒込2-2-4 区民ひろば駒込内","03-6903-5137","駒込1〜7丁目","https://www.city.toshima.lg.jp/378/kenko/koresha/sodancenter/016893/index.html","2026-09-06"
"東京都","豊島区","中央高齢者総合相談センター","1700013","東京都豊島区東池袋1-39-2 豊島区役所東池袋分庁舎4階","03-5985-2850","北大塚3丁目・上池袋1〜4丁目・東池袋1〜5丁目","https://www.city.toshima.lg.jp/378/kenko/koresha/sodancenter/016893/index.html","2026-09-06"
"東京都","豊島区","ふくろうの杜高齢者総合相談センター","1710022","東京都豊島区南池袋3-7-8 オリナスふくろうの杜1階","03-5958-1208","南池袋1〜4丁目・雑司が谷1〜3丁目・高田1〜3丁目・目白1・2丁目","https://www.city.toshima.lg.jp/378/kenko/koresha/sodancenter/016893/index.html","2026-09-06"
"東京都","豊島区","豊島区医師会高齢者総合相談センター","1710021","東京都豊島区西池袋3-22-16 豊島区医師会館2階","03-3986-3993","西池袋1〜5丁目・池袋3丁目・目白3〜5丁目","https://www.city.toshima.lg.jp/378/kenko/koresha/sodancenter/016893/index.html","2026-09-06"
"東京都","豊島区","いけよんの郷高齢者総合相談センター","1700011","東京都豊島区池袋本町1-29-12 特別養護老人ホーム池袋ほんちょうの郷内","03-3986-0917","池袋1・2・4丁目・池袋本町1〜4丁目","https://www.city.toshima.lg.jp/378/kenko/koresha/sodancenter/016893/index.html","2026-09-06"
"東京都","豊島区","アトリエ村高齢者総合相談センター","1710051","東京都豊島区長崎4-23-1 特別養護老人ホームアトリエ村内","03-5965-3415","南長崎1〜6丁目・長崎2〜6丁目","https://www.city.toshima.lg.jp/378/kenko/koresha/sodancenter/016893/index.html","2026-09-06"
"東京都","豊島区","西部高齢者総合相談センター","1710044","東京都豊島区千早2-39-16 西部区民事務所等複合施設2階","03-3974-0065","長崎1丁目・千早1〜4丁目・要町1〜3丁目・高松1〜3丁目・千川1・2丁目","https://www.city.toshima.lg.jp/378/kenko/koresha/sodancenter/016893/index.html","2026-09-06"
